image_path,num_hands_detected,max_confidence,flagged
data/raw_healthy_sources\healthy_0001.jpg,0,0.000,False
data/raw_healthy_sources\healthy_0002.jpg,0,0.000,False
data/raw_healthy_sources\healthy_0003.jpg,0,0.000,False
data/raw_healthy_sources\healthy_0004.jpg,0,0.000,False
data/raw_healthy_sources\healthy_0005.jpg,0,0.000,False
data/raw_healthy_sources\healthy_0006.jpg,0,0.000,False
data/raw_healthy_sources\healthy_0007.jpg,0,0.000,False
data/raw_healthy_sources\healthy_0008.jpg,0,0.000,False
data/raw_healthy_sources\healthy_0009.jpg,0,0.000,False
data/raw_healthy_sources\healthy_0010.jpg,0,0.000,False
data/raw_healthy_sources\healthy_0011.jpg,0,0.000,False
data/raw_healthy_sources\healthy_0012.jpg,0,0.000,False
data/raw_healthy_sources\healthy_0013.jpg,0,0.000,False
data/raw_healthy_sources\healthy_0014.jpg,0,0.000,False
data/raw_healthy_sources\healthy_0015.jpg,0,0.000,False
data/raw_healthy_sources\healthy_0016.jpg,0,0.000,False
data/raw_healthy_sources\healthy_0017.jpg,0,0.000,False
data/raw_healthy_sources\healthy_0018.jpg,0,0.000,False
data/raw_healthy_sources\healthy_0019.jpg,0,0.000,False
data/raw_healthy_sources\healthy_0020.jpg,0,0.000,False
data/raw_healthy_sources\healthy_0021.jpg,0,0.000,False
data/raw_healthy_sources\healthy_0022.jpg,0,0.000,False
data/raw_healthy_sources\healthy_0023.jpg,0,0.000,False
data/raw_healthy_sources\healthy_0024.jpg,0,0.000,False
data/raw_healthy_sources\healthy_0025.jpg,0,0.000,False
data/raw_healthy_sources\healthy_0026.jpg,0,0.000,False
data/raw_healthy_sources\healthy_0027.jpg,0,0.000,False
data/raw_healthy_sources\healthy_0028.jpg,0,0.000,False
data/raw_healthy_sources\healthy_0029.jpg,0,0.000,False
data/raw_healthy_sources\healthy_0030.jpg,0,0.000,False
data/raw_healthy_sources\healthy_0031.jpg,0,0.000,False
data/raw_healthy_sources\healthy_0032.jpg,0,0.000,False
data/raw_healthy_sources\healthy_0033.jpg,0,0.000,False
data/raw_healthy_sources\healthy_0034.jpg,0,0.000,False
data/raw_healthy_sources\healthy_0035.jpg,0,0.000,False
data/raw_healthy_sources\healthy_0036.jpg,0,0.000,False
data/raw_healthy_sources\healthy_0037.jpg,0,0.000,False
data/raw_healthy_sources\healthy_0038.jpg,0,0.000,False
data/raw_healthy_sources\healthy_0039.jpg,0,0.000,False
data/raw_healthy_sources\healthy_0040.jpg,0,0.000,False
data/raw_healthy_sources\healthy_0041.jpg,0,0.000,False
data/raw_healthy_sources\healthy_0042.jpg,0,0.000,False
data/raw_healthy_sources\healthy_0043.jpg,0,0.000,False
data/raw_healthy_sources\healthy_0044.jpg,0,0.000,False
data/raw_healthy_sources\healthy_0045.jpg,0,0.000,False
data/raw_healthy_sources\healthy_0046.jpg,0,0.000,False
data/raw_healthy_sources\healthy_0047.jpg,0,0.000,False
data/raw_healthy_sources\healthy_0048.jpg,0,0.000,False
data/raw_healthy_sources\healthy_0049.jpg,0,0.000,False
data/raw_healthy_sources\healthy_0050.jpg,0,0.000,False
data/raw_healthy_sources\healthy_0051.jpg,0,0.000,False
data/raw_healthy_sources\healthy_0052.jpg,0,0.000,False
data/raw_healthy_sources\healthy_0053.jpg,0,0.000,False
data/raw_healthy_sources\healthy_0054.jpg,0,0.000,False
data/raw_healthy_sources\healthy_0055.jpg,0,0.000,False
data/raw_healthy_sources\healthy_0056.jpg,0,0.000,False
data/raw_healthy_sources\healthy_0057.jpg,0,0.000,False
data/raw_healthy_sources\healthy_0058.jpg,0,0.000,False
data/raw_healthy_sources\healthy_0059.jpg,0,0.000,False
data/raw_healthy_sources\healthy_0060.jpg,0,0.000,False
data/raw_healthy_sources\healthy_0061.jpg,0,0.000,False
data/raw_healthy_sources\healthy_0062.jpg,0,0.000,False
data/raw_healthy_sources\healthy_0063.jpg,0,0.000,False
data/raw_healthy_sources\healthy_0064.jpg,0,0.000,False
data/raw_healthy_sources\healthy_0065.jpg,0,0.000,False
data/raw_healthy_sources\healthy_0066.jpg,0,0.000,False
data/raw_healthy_sources\healthy_0067.jpg,0,0.000,False
data/raw_healthy_sources\healthy_0068.jpg,0,0.000,False
data/raw_healthy_sources\healthy_0069.jpg,0,0.000,False
data/raw_healthy_sources\healthy_0070.jpg,0,0.000,False
data/raw_healthy_sources\healthy_0071.jpg,0,0.000,False
data/raw_healthy_sources\healthy_0072.jpg,0,0.000,False
data/raw_healthy_sources\healthy_0073.jpg,0,0.000,False
data/raw_healthy_sources\healthy_0074.jpg,0,0.000,False
data/raw_healthy_sources\healthy_0075.jpg,0,0.000,False
data/raw_healthy_sources\healthy_0076.jpg,0,0.000,False
data/raw_healthy_sources\healthy_0077.jpg,0,0.000,False
data/raw_healthy_sources\healthy_0078.jpg,0,0.000,False
data/raw_healthy_sources\healthy_0079.jpg,0,0.000,False
data/raw_healthy_sources\healthy_0080.jpg,0,0.000,False
data/raw_healthy_sources\healthy_0081.jpg,0,0.000,False
data/raw_healthy_sources\healthy_0082.jpg,0,0.000,False
data/raw_healthy_sources\healthy_0083.jpg,0,0.000,False
data/raw_healthy_sources\healthy_0084.jpg,0,0.000,False
data/raw_healthy_sources\healthy_0085.jpg,0,0.000,False
data/raw_healthy_sources\healthy_0086.jpg,0,0.000,False
data/raw_healthy_sources\healthy_0087.jpg,0,0.000,False
data/raw_healthy_sources\healthy_0088.jpg,0,0.000,False
data/raw_healthy_sources\healthy_0089.jpg,0,0.000,False
data/raw_healthy_sources\healthy_0090.jpg,0,0.000,False
data/raw_healthy_sources\healthy_0091.jpg,0,0.000,False
data/raw_healthy_sources\healthy_0092.jpg,0,0.000,False
data/raw_healthy_sources\healthy_0093.jpg,0,0.000,False
data/raw_healthy_sources\healthy_0094.jpg,0,0.000,False
data/raw_healthy_sources\healthy_0095.jpg,0,0.000,False
data/raw_healthy_sources\healthy_0096.jpg,0,0.000,False
data/raw_healthy_sources\healthy_0097.jpg,0,0.000,False
data/raw_healthy_sources\healthy_0098.jpg,0,0.000,False
data/raw_healthy_sources\healthy_0099.jpg,0,0.000,False
data/raw_healthy_sources\healthy_0100.jpg,0,0.000,False
data/raw_healthy_sources\healthy_0101.jpg,0,0.000,False
data/raw_healthy_sources\healthy_0102.jpg,0,0.000,False
data/raw_healthy_sources\healthy_0103.jpg,0,0.000,False
data/raw_healthy_sources\healthy_0104.jpg,0,0.000,False
data/raw_healthy_sources\healthy_0105.jpg,0,0.000,False
data/raw_healthy_sources\healthy_0106.jpg,0,0.000,False
data/raw_healthy_sources\healthy_0107.jpg,0,0.000,False
data/raw_healthy_sources\healthy_0108.jpg,0,0.000,False
data/raw_healthy_sources\healthy_0109.jpg,0,0.000,False
data/raw_healthy_sources\healthy_0110.jpg,0,0.000,False
data/raw_healthy_sources\healthy_0111.jpg,0,0.000,False
data/raw_healthy_sources\healthy_0112.jpg,0,0.000,False
data/raw_healthy_sources\healthy_0113.jpg,0,0.000,False
data/raw_healthy_sources\healthy_0114.jpg,0,0.000,False
data/raw_healthy_sources\healthy_0115.jpg,0,0.000,False
data/raw_healthy_sources\healthy_0116.jpg,0,0.000,False
data/raw_healthy_sources\healthy_0117.jpg,0,0.000,False
data/raw_healthy_sources\healthy_0118.jpg,0,0.000,False
data/raw_healthy_sources\healthy_0119.jpg,0,0.000,False
data/raw_healthy_sources\healthy_0120.jpg,0,0.000,False
data/raw_healthy_sources\healthy_0121.jpg,0,0.000,False
data/raw_healthy_sources\healthy_0122.jpg,0,0.000,False
data/raw_healthy_sources\healthy_0123.jpg,0,0.000,False
data/raw_healthy_sources\healthy_0124.jpg,0,0.000,False
data/raw_healthy_sources\healthy_0125.jpg,0,0.000,False
data/raw_healthy_sources\healthy_0126.jpg,0,0.000,False
data/raw_healthy_sources\healthy_0127.jpg,0,0.000,False
data/raw_healthy_sources\healthy_0128.jpg,0,0.000,False
data/raw_healthy_sources\healthy_0129.jpg,0,0.000,False
data/raw_healthy_sources\healthy_0130.jpg,0,0.000,False
data/raw_healthy_sources\healthy_0131.jpg,0,0.000,False
data/raw_healthy_sources\healthy_0132.jpg,0,0.000,False
data/raw_healthy_sources\healthy_0133.jpg,0,0.000,False
data/raw_healthy_sources\healthy_0134.jpg,0,0.000,False
data/raw_healthy_sources\healthy_0135.jpg,0,0.000,False
data/raw_healthy_sources\healthy_0136.jpg,0,0.000,False
data/raw_healthy_sources\healthy_0137.jpg,0,0.000,False
data/raw_healthy_sources\healthy_0138.jpg,0,0.000,False
data/raw_healthy_sources\healthy_0139.jpg,0,0.000,False
data/raw_healthy_sources\healthy_0140.jpg,0,0.000,False
data/raw_healthy_sources\healthy_0141.jpg,0,0.000,False
data/raw_healthy_sources\healthy_0142.jpg,0,0.000,False
data/raw_healthy_sources\healthy_0143.jpg,0,0.000,False
data/raw_healthy_sources\healthy_0144.jpg,0,0.000,False
data/raw_healthy_sources\healthy_0145.jpg,0,0.000,False
data/raw_healthy_sources\healthy_0146.jpg,0,0.000,False
data/raw_healthy_sources\healthy_0147.jpg,0,0.000,False
data/raw_healthy_sources\healthy_0148.jpg,0,0.000,False
data/raw_healthy_sources\healthy_0149.jpg,0,0.000,False
data/raw_healthy_sources\healthy_0150.jpg,0,0.000,False
data/raw_healthy_sources\healthy_0151.jpg,0,0.000,False
data/raw_healthy_sources\healthy_0152.jpg,0,0.000,False
data/raw_healthy_sources\healthy_0153.jpg,0,0.000,False
data/raw_healthy_sources\healthy_0154.jpg,0,0.000,False
data/raw_healthy_sources\healthy_0155.jpg,0,0.000,False
data/raw_healthy_sources\healthy_0156.jpg,0,0.000,False
data/raw_healthy_sources\healthy_0157.jpg,0,0.000,False
data/raw_healthy_sources\healthy_0158.jpg,0,0.000,False
data/raw_healthy_sources\healthy_0159.jpg,0,0.000,False
data/raw_healthy_sources\healthy_0160.jpg,0,0.000,False
data/raw_healthy_sources\healthy_0161.jpg,0,0.000,False
data/raw_healthy_sources\healthy_0162.jpg,0,0.000,False
data/raw_healthy_sources\healthy_0163.jpg,0,0.000,False
data/raw_healthy_sources\healthy_0164.jpg,0,0.000,False
data/raw_healthy_sources\healthy_0165.jpg,0,0.000,False
data/raw_healthy_sources\healthy_0166.jpg,0,0.000,False
data/raw_healthy_sources\healthy_0167.jpg,0,0.000,False
data/raw_healthy_sources\healthy_0168.jpg,0,0.000,False
data/raw_healthy_sources\healthy_0169.jpg,0,0.000,False
data/raw_healthy_sources\healthy_0170.jpg,0,0.000,False
data/raw_healthy_sources\healthy_0171.jpg,0,0.000,False
data/raw_healthy_sources\healthy_0172.jpg,0,0.000,False
data/raw_healthy_sources\healthy_0173.jpg,0,0.000,False
data/raw_healthy_sources\healthy_0174.jpg,0,0.000,False
data/raw_healthy_sources\healthy_0175.jpg,0,0.000,False
data/raw_healthy_sources\healthy_0176.jpg,0,0.000,False
data/raw_healthy_sources\healthy_0177.jpg,0,0.000,False
data/raw_healthy_sources\healthy_0178.jpg,0,0.000,False
data/raw_healthy_sources\healthy_0179.jpg,0,0.000,False
data/raw_healthy_sources\healthy_0180.jpg,0,0.000,False
data/raw_healthy_sources\healthy_0181.jpg,0,0.000,False
data/raw_healthy_sources\healthy_0182.jpg,0,0.000,False
data/raw_healthy_sources\healthy_0183.jpg,0,0.000,False
data/raw_healthy_sources\healthy_0184.jpg,0,0.000,False
data/raw_healthy_sources\healthy_0185.jpg,0,0.000,False
data/raw_healthy_sources\healthy_0186.jpg,0,0.000,False
data/raw_healthy_sources\healthy_0187.jpg,0,0.000,False
data/raw_healthy_sources\healthy_0188.jpg,0,0.000,False
data/raw_healthy_sources\healthy_0189.jpg,0,0.000,False
data/raw_healthy_sources\healthy_0190.jpg,0,0.000,False
data/raw_healthy_sources\healthy_0191.jpg,0,0.000,False
data/raw_healthy_sources\healthy_0192.jpg,0,0.000,False
data/raw_healthy_sources\healthy_0193.jpg,0,0.000,False
data/raw_healthy_sources\healthy_0194.jpg,0,0.000,False
data/raw_healthy_sources\healthy_0195.jpg,0,0.000,False
data/raw_healthy_sources\healthy_0196.jpg,0,0.000,False
data/raw_healthy_sources\healthy_0197.jpg,0,0.000,False
data/raw_healthy_sources\healthy_0198.jpg,0,0.000,False
data/raw_healthy_sources\healthy_0199.jpg,0,0.000,False
data/raw_healthy_sources\healthy_0200.jpg,0,0.000,False
data/raw_healthy_sources\healthy_0201.jpg,0,0.000,False
data/raw_healthy_sources\healthy_0202.jpg,0,0.000,False
data/raw_healthy_sources\healthy_0203.jpg,0,0.000,False
data/raw_healthy_sources\healthy_0204.jpg,0,0.000,False
data/raw_healthy_sources\healthy_0205.jpg,0,0.000,False
data/raw_healthy_sources\healthy_0206.jpg,0,0.000,False
data/raw_healthy_sources\healthy_0207.jpg,0,0.000,False
data/raw_healthy_sources\healthy_0208.jpg,0,0.000,False
data/raw_healthy_sources\healthy_0209.jpg,0,0.000,False
data/raw_healthy_sources\healthy_0210.jpg,0,0.000,False
data/raw_healthy_sources\healthy_0211.jpg,0,0.000,False
data/raw_healthy_sources\healthy_0212.jpg,0,0.000,False
data/raw_healthy_sources\healthy_0213.jpg,0,0.000,False
data/raw_healthy_sources\healthy_0214.jpg,0,0.000,False
data/raw_healthy_sources\healthy_0215.jpg,0,0.000,False
data/raw_healthy_sources\healthy_0216.jpg,0,0.000,False
data/raw_healthy_sources\healthy_0217.jpg,0,0.000,False
data/raw_healthy_sources\healthy_0218.jpg,0,0.000,False
data/raw_healthy_sources\healthy_0219.jpg,0,0.000,False
data/raw_healthy_sources\healthy_0220.jpg,0,0.000,False
data/raw_healthy_sources\healthy_0221.jpg,0,0.000,False
data/raw_healthy_sources\healthy_0222.jpg,0,0.000,False
data/raw_healthy_sources\healthy_0223.jpg,0,0.000,False
data/raw_healthy_sources\healthy_0224.jpg,0,0.000,False
data/raw_healthy_sources\healthy_0225.jpg,0,0.000,False
data/raw_healthy_sources\healthy_0226.jpg,0,0.000,False
data/raw_healthy_sources\healthy_0227.jpg,0,0.000,False
data/raw_healthy_sources\healthy_0228.jpg,0,0.000,False
data/raw_healthy_sources\healthy_0229.jpg,0,0.000,False
data/raw_healthy_sources\healthy_0230.jpg,0,0.000,False
data/raw_healthy_sources\healthy_0231.jpg,0,0.000,False
data/raw_healthy_sources\healthy_0232.jpg,0,0.000,False
data/raw_healthy_sources\healthy_0233.jpg,0,0.000,False
data/raw_healthy_sources\healthy_0234.jpg,0,0.000,False
data/raw_healthy_sources\healthy_0235.jpg,0,0.000,False
data/raw_healthy_sources\healthy_0236.jpg,0,0.000,False
data/raw_healthy_sources\healthy_0237.jpg,0,0.000,False
data/raw_healthy_sources\healthy_0238.jpg,0,0.000,False
data/raw_healthy_sources\healthy_0239.jpg,0,0.000,False
data/raw_healthy_sources\healthy_0240.jpg,1,0.720,True
data/raw_healthy_sources\healthy_0241.jpg,0,0.000,False
data/raw_healthy_sources\healthy_0242.jpg,0,0.000,False
data/raw_healthy_sources\healthy_0243.jpg,0,0.000,False
data/raw_healthy_sources\healthy_0244.jpg,0,0.000,False
data/raw_healthy_sources\healthy_0245.jpg,0,0.000,False
data/raw_healthy_sources\healthy_0246.jpg,0,0.000,False
data/raw_healthy_sources\healthy_0247.jpg,0,0.000,False
data/raw_healthy_sources\healthy_0248.jpg,0,0.000,False
data/raw_healthy_sources\healthy_0249.jpg,0,0.000,False
data/raw_healthy_sources\healthy_0250.jpg,0,0.000,False
data/raw_healthy_sources\healthy_0251.jpg,0,0.000,False
data/raw_healthy_sources\healthy_0252.jpg,0,0.000,False
data/raw_healthy_sources\healthy_0253.jpg,0,0.000,False
data/raw_healthy_sources\healthy_0254.jpg,0,0.000,False
data/raw_healthy_sources\healthy_0255.jpg,0,0.000,False
data/raw_healthy_sources\healthy_0256.jpg,0,0.000,False
data/raw_healthy_sources\healthy_0257.jpg,0,0.000,False
data/raw_healthy_sources\healthy_0258.jpg,0,0.000,False
data/raw_healthy_sources\healthy_0259.jpg,0,0.000,False
data/raw_healthy_sources\healthy_0260.jpg,0,0.000,False
data/raw_healthy_sources\healthy_0261.jpg,0,0.000,False
data/raw_healthy_sources\healthy_0262.jpg,0,0.000,False
data/raw_healthy_sources\healthy_0263.jpg,0,0.000,False
data/raw_healthy_sources\healthy_0264.jpg,0,0.000,False
data/raw_healthy_sources\healthy_0265.jpg,0,0.000,False
data/raw_healthy_sources\healthy_0266.jpg,0,0.000,False
data/raw_healthy_sources\healthy_0267.jpg,0,0.000,False
data/raw_healthy_sources\healthy_0268.jpg,0,0.000,False
data/raw_healthy_sources\healthy_0269.jpg,0,0.000,False
data/raw_healthy_sources\healthy_0270.jpg,0,0.000,False
data/raw_healthy_sources\healthy_0271.jpg,0,0.000,False
data/raw_healthy_sources\healthy_0272.jpg,0,0.000,False
data/raw_healthy_sources\healthy_0273.jpg,0,0.000,False
data/raw_healthy_sources\healthy_0274.jpg,0,0.000,False
data/raw_healthy_sources\healthy_0275.jpg,0,0.000,False
data/raw_healthy_sources\healthy_0276.jpg,0,0.000,False
data/raw_healthy_sources\healthy_0277.jpg,0,0.000,False
data/raw_healthy_sources\healthy_0278.jpg,0,0.000,False
data/raw_healthy_sources\healthy_0279.jpg,0,0.000,False
data/raw_healthy_sources\healthy_0280.jpg,0,0.000,False
data/raw_healthy_sources\healthy_0281.jpg,0,0.000,False
data/raw_healthy_sources\healthy_0282.jpg,0,0.000,False
data/raw_healthy_sources\healthy_0283.jpg,0,0.000,False
data/raw_healthy_sources\healthy_0284.jpg,0,0.000,False
data/raw_healthy_sources\healthy_0285.jpg,0,0.000,False
data/raw_healthy_sources\healthy_0286.jpg,0,0.000,False
data/raw_healthy_sources\healthy_0287.jpg,0,0.000,False
data/raw_healthy_sources\healthy_0288.jpg,0,0.000,False
data/raw_healthy_sources\healthy_0289.jpg,0,0.000,False
data/raw_healthy_sources\healthy_0290.jpg,0,0.000,False
data/raw_healthy_sources\healthy_0291.jpg,0,0.000,False
data/raw_healthy_sources\healthy_0292.jpg,0,0.000,False
data/raw_healthy_sources\healthy_0293.jpg,0,0.000,False
data/raw_healthy_sources\healthy_0294.jpg,0,0.000,False
data/raw_healthy_sources\healthy_0295.jpg,0,0.000,False
data/raw_healthy_sources\healthy_0296.jpg,0,0.000,False
data/raw_healthy_sources\healthy_0297.jpg,0,0.000,False
data/raw_healthy_sources\healthy_0298.jpg,0,0.000,False
data/raw_healthy_sources\healthy_0299.jpg,0,0.000,False
data/raw_healthy_sources\healthy_0300.jpg,0,0.000,False
data/raw_healthy_sources\healthy_0301.jpg,0,0.000,False
data/raw_healthy_sources\healthy_0302.jpg,0,0.000,False
data/raw_healthy_sources\healthy_0303.jpg,0,0.000,False
data/raw_healthy_sources\healthy_0304.jpg,0,0.000,False
data/raw_healthy_sources\healthy_0305.jpg,0,0.000,False
data/raw_healthy_sources\healthy_0306.jpg,0,0.000,False
data/raw_healthy_sources\healthy_0307.jpg,0,0.000,False
data/raw_healthy_sources\healthy_0308.jpg,0,0.000,False
data/raw_healthy_sources\healthy_0309.jpg,0,0.000,False
data/raw_healthy_sources\healthy_0310.jpg,0,0.000,False
data/raw_healthy_sources\healthy_0311.jpg,0,0.000,False
data/raw_healthy_sources\healthy_0312.jpg,0,0.000,False
data/raw_healthy_sources\healthy_0313.jpg,0,0.000,False
data/raw_healthy_sources\healthy_0314.jpg,0,0.000,False
data/raw_healthy_sources\healthy_0315.jpg,0,0.000,False
data/raw_healthy_sources\healthy_0316.jpg,0,0.000,False
data/raw_healthy_sources\healthy_0317.jpg,0,0.000,False
data/raw_healthy_sources\healthy_0318.jpg,0,0.000,False
data/raw_healthy_sources\healthy_0319.jpg,0,0.000,False
data/raw_healthy_sources\healthy_0320.jpg,0,0.000,False
data/raw_healthy_sources\healthy_0321.jpg,0,0.000,False
data/raw_healthy_sources\healthy_0322.jpg,0,0.000,False
data/raw_healthy_sources\healthy_0323.jpg,0,0.000,False
data/raw_healthy_sources\healthy_0324.jpg,0,0.000,False
data/raw_healthy_sources\healthy_0325.jpg,0,0.000,False
data/raw_healthy_sources\healthy_0326.jpg,0,0.000,False
data/raw_healthy_sources\healthy_0327.jpg,0,0.000,False
data/raw_healthy_sources\healthy_0328.jpg,0,0.000,False
data/raw_healthy_sources\healthy_0329.jpg,0,0.000,False
data/raw_healthy_sources\healthy_0330.jpg,0,0.000,False
data/raw_healthy_sources\healthy_0331.jpg,0,0.000,False
data/raw_healthy_sources\healthy_0332.jpg,0,0.000,False
data/raw_healthy_sources\healthy_0333.jpg,0,0.000,False
data/raw_healthy_sources\healthy_0334.jpg,0,0.000,False
data/raw_healthy_sources\healthy_0335.jpg,0,0.000,False
data/raw_healthy_sources\healthy_0336.jpg,0,0.000,False
data/raw_healthy_sources\healthy_0337.jpg,0,0.000,False
data/raw_healthy_sources\healthy_0338.jpg,0,0.000,False
data/raw_healthy_sources\healthy_0339.jpg,0,0.000,False
data/raw_healthy_sources\healthy_0340.jpg,0,0.000,False
data/raw_healthy_sources\healthy_0341.jpg,0,0.000,False
data/raw_healthy_sources\healthy_0342.jpg,0,0.000,False
data/raw_healthy_sources\healthy_0343.jpg,0,0.000,False
data/raw_healthy_sources\healthy_0344.jpg,0,0.000,False
data/raw_healthy_sources\healthy_0345.jpg,0,0.000,False
data/raw_healthy_sources\healthy_0346.jpg,0,0.000,False
data/raw_healthy_sources\healthy_0347.jpg,0,0.000,False
data/raw_healthy_sources\healthy_0348.jpg,0,0.000,False
data/raw_healthy_sources\healthy_0349.jpg,0,0.000,False
data/raw_healthy_sources\healthy_0350.jpg,0,0.000,False
data/raw_healthy_sources\healthy_0351.jpg,0,0.000,False
data/raw_healthy_sources\healthy_0352.jpg,0,0.000,False
data/raw_healthy_sources\healthy_0353.jpg,0,0.000,False
data/raw_healthy_sources\healthy_0354.jpg,0,0.000,False
data/raw_healthy_sources\healthy_0355.jpg,0,0.000,False
data/raw_healthy_sources\healthy_0356.jpg,0,0.000,False
data/raw_healthy_sources\healthy_0357.jpg,0,0.000,False
data/raw_healthy_sources\healthy_0358.jpg,0,0.000,False
data/raw_healthy_sources\healthy_0359.jpg,0,0.000,False
data/raw_healthy_sources\healthy_0360.jpg,0,0.000,False
data/raw_healthy_sources\healthy_0361.jpg,0,0.000,False
data/raw_healthy_sources\healthy_0362.jpg,0,0.000,False
data/raw_healthy_sources\healthy_0363.jpg,0,0.000,False
data/raw_healthy_sources\healthy_0364.jpg,0,0.000,False
data/raw_healthy_sources\healthy_0365.jpg,0,0.000,False
data/raw_healthy_sources\healthy_0366.jpg,0,0.000,False
data/raw_healthy_sources\healthy_0367.jpg,0,0.000,False
data/raw_healthy_sources\healthy_0368.jpg,0,0.000,False
data/raw_healthy_sources\healthy_0369.jpg,0,0.000,False
data/raw_healthy_sources\healthy_0370.jpg,0,0.000,False
data/raw_healthy_sources\healthy_0371.jpg,0,0.000,False
data/raw_healthy_sources\healthy_0372.jpg,0,0.000,False
data/raw_healthy_sources\healthy_0373.jpg,0,0.000,False
data/raw_healthy_sources\healthy_0374.jpg,0,0.000,False
data/raw_healthy_sources\healthy_0375.jpg,0,0.000,False
data/raw_healthy_sources\healthy_0376.jpg,0,0.000,False
data/raw_healthy_sources\healthy_0377.jpg,0,0.000,False
data/raw_healthy_sources\healthy_0378.jpg,0,0.000,False
data/raw_healthy_sources\healthy_0379.jpg,0,0.000,False
data/raw_healthy_sources\healthy_0380.jpg,0,0.000,False
data/raw_healthy_sources\healthy_0381.jpg,0,0.000,False
data/raw_healthy_sources\healthy_0382.jpg,0,0.000,False
data/raw_healthy_sources\healthy_0383.jpg,0,0.000,False
data/raw_healthy_sources\healthy_0384.jpg,0,0.000,False
data/raw_healthy_sources\healthy_0385.jpg,0,0.000,False
data/raw_healthy_sources\healthy_0386.jpg,0,0.000,False
data/raw_healthy_sources\healthy_0387.jpg,0,0.000,False
data/raw_healthy_sources\healthy_0388.jpg,0,0.000,False
data/raw_healthy_sources\healthy_0389.jpg,0,0.000,False
data/raw_healthy_sources\healthy_0390.jpg,0,0.000,False
data/raw_healthy_sources\healthy_0391.jpg,0,0.000,False
data/raw_healthy_sources\healthy_0392.jpg,0,0.000,False
data/raw_healthy_sources\healthy_0393.jpg,0,0.000,False
data/raw_healthy_sources\healthy_0394.jpg,0,0.000,False
data/raw_healthy_sources\healthy_0395.jpg,0,0.000,False
data/raw_healthy_sources\healthy_0396.jpg,0,0.000,False
data/raw_healthy_sources\healthy_0397.jpg,0,0.000,False
data/raw_healthy_sources\healthy_0398.jpg,0,0.000,False
data/raw_healthy_sources\healthy_0399.jpg,0,0.000,False
data/raw_healthy_sources\healthy_0400.jpg,0,0.000,False
data/raw_healthy_sources\healthy_0401.jpg,0,0.000,False
data/raw_healthy_sources\healthy_0402.jpg,0,0.000,False
data/raw_healthy_sources\healthy_0403.jpg,0,0.000,False
data/raw_healthy_sources\healthy_0404.jpg,0,0.000,False
data/raw_healthy_sources\healthy_0405.jpg,0,0.000,False
data/raw_healthy_sources\healthy_0406.jpg,0,0.000,False
data/raw_healthy_sources\healthy_0407.jpg,0,0.000,False
data/raw_healthy_sources\healthy_0408.jpg,0,0.000,False
data/raw_healthy_sources\healthy_0409.jpg,0,0.000,False
data/raw_healthy_sources\healthy_0410.jpg,0,0.000,False
data/raw_healthy_sources\healthy_0411.jpg,0,0.000,False
data/raw_healthy_sources\healthy_0412.jpg,0,0.000,False
data/raw_healthy_sources\healthy_0413.jpg,0,0.000,False
data/raw_healthy_sources\healthy_0414.jpg,0,0.000,False
data/raw_healthy_sources\healthy_0415.jpg,0,0.000,False
data/raw_healthy_sources\healthy_0416.jpg,0,0.000,False
data/raw_healthy_sources\healthy_0417.jpg,0,0.000,False
data/raw_healthy_sources\healthy_0418.jpg,0,0.000,False
data/raw_healthy_sources\healthy_0419.jpg,0,0.000,False
data/raw_healthy_sources\healthy_0420.jpg,0,0.000,False
data/raw_healthy_sources\healthy_0421.jpg,0,0.000,False
data/raw_healthy_sources\healthy_0422.jpg,0,0.000,False
data/raw_healthy_sources\healthy_0423.jpg,0,0.000,False
data/raw_healthy_sources\healthy_0424.jpg,0,0.000,False
data/raw_healthy_sources\healthy_0425.jpg,0,0.000,False
data/raw_healthy_sources\healthy_0426.jpg,0,0.000,False
data/raw_healthy_sources\healthy_0427.jpg,0,0.000,False
data/raw_healthy_sources\healthy_0428.jpg,0,0.000,False
data/raw_healthy_sources\healthy_0429.jpg,0,0.000,False
data/raw_healthy_sources\healthy_0430.jpg,0,0.000,False
data/raw_healthy_sources\healthy_0431.jpg,0,0.000,False
data/raw_healthy_sources\healthy_0432.jpg,0,0.000,False
data/raw_healthy_sources\healthy_0433.jpg,0,0.000,False
data/raw_healthy_sources\healthy_0434.jpg,0,0.000,False
data/raw_healthy_sources\healthy_0435.jpg,0,0.000,False
data/raw_healthy_sources\healthy_0436.jpg,0,0.000,False
data/raw_healthy_sources\healthy_0437.jpg,0,0.000,False
data/raw_healthy_sources\healthy_0438.jpg,0,0.000,False
data/raw_healthy_sources\healthy_0439.jpg,0,0.000,False
data/raw_healthy_sources\healthy_0440.jpg,0,0.000,False
data/raw_healthy_sources\healthy_0441.jpg,0,0.000,False
data/raw_healthy_sources\healthy_0442.jpg,0,0.000,False
data/raw_healthy_sources\healthy_0443.jpg,0,0.000,False
data/raw_healthy_sources\healthy_0444.jpg,0,0.000,False
data/raw_healthy_sources\healthy_0445.jpg,0,0.000,False
data/raw_healthy_sources\healthy_0446.jpg,0,0.000,False
data/raw_healthy_sources\healthy_0447.jpg,0,0.000,False
data/raw_healthy_sources\healthy_0448.jpg,0,0.000,False
data/raw_healthy_sources\healthy_0449.jpg,0,0.000,False
data/raw_healthy_sources\healthy_0450.jpg,0,0.000,False
data/raw_healthy_sources\healthy_0451.jpg,0,0.000,False
data/raw_healthy_sources\healthy_0452.jpg,0,0.000,False
data/raw_healthy_sources\healthy_0453.jpg,0,0.000,False
data/raw_healthy_sources\healthy_0454.jpg,0,0.000,False
data/raw_healthy_sources\healthy_0455.jpg,0,0.000,False
data/raw_healthy_sources\healthy_0456.jpg,0,0.000,False
data/raw_healthy_sources\healthy_0457.jpg,0,0.000,False
data/raw_healthy_sources\healthy_0458.jpg,0,0.000,False
data/raw_healthy_sources\healthy_0459.jpg,0,0.000,False
data/raw_healthy_sources\healthy_0460.jpg,0,0.000,False
data/raw_healthy_sources\healthy_0461.jpg,0,0.000,False
data/raw_healthy_sources\healthy_0462.jpg,0,0.000,False
data/raw_healthy_sources\healthy_0463.jpg,0,0.000,False
data/raw_healthy_sources\healthy_0464.jpg,0,0.000,False
data/raw_mastitis_sources\052001b4-21122024_23_jpg.rf.00bd6766e8a4bf91ab841b3738b9eb2f.jpg,0,0.000,False
data/raw_mastitis_sources\052001b4-21122024_23_jpg.rf.65e506103e228865dd8ea89d486994fd.jpg,1,0.918,True
data/raw_mastitis_sources\08cc22d0-21_12_2024_40_jpg.rf.1044d5b6b754d6437c17d2e94c72cc86.jpg,0,0.000,False
data/raw_mastitis_sources\08cc22d0-21_12_2024_40_jpg.rf.1841c53dd22ef838ace0ae6d4418c746.jpg,0,0.000,False
data/raw_mastitis_sources\08cc22d0-21_12_2024_40_jpg.rf.305082bbf3506063c139f60c09e8be11.jpg,0,0.000,False
data/raw_mastitis_sources\08cc22d0-21_12_2024_40_jpg.rf.33d3a4bf828416055a03a0d68a9d0f07.jpg,0,0.000,False
data/raw_mastitis_sources\097c2d26-21_12_2024_43_jpg.rf.20045edc208b2253e5da316f10d3f27d.jpg,0,0.000,False
data/raw_mastitis_sources\097c2d26-21_12_2024_43_jpg.rf.a3bd0853e8c68d7c78c730faa7770661.jpg,0,0.000,False
data/raw_mastitis_sources\0acda5a2-21122024_31_jpg.rf.119453aaf17033531eb233c430ae499b.jpg,0,0.000,False
data/raw_mastitis_sources\0acda5a2-21122024_31_jpg.rf.1695a955882fa9d04f265d9dba55c93c.jpg,0,0.000,False
data/raw_mastitis_sources\0f0d337e-21_12_2024_42_jpg.rf.62cf6c6afaa15d0e33355ee37c500de6.jpg,0,0.000,False
data/raw_mastitis_sources\0f0d337e-21_12_2024_42_jpg.rf.7d6b0b773d1cf157070c9404d465ad68.jpg,0,0.000,False
data/raw_mastitis_sources\11584596-21122024_52_jpg.rf.02507c4dfe0e814fbf9a33b14e0dec3f.jpg,0,0.000,False
data/raw_mastitis_sources\11584596-21122024_52_jpg.rf.d3da870d276bdcf9a4ef88a460cf88d3.jpg,0,0.000,False
data/raw_mastitis_sources\14d033d0-21122024_30_jpg.rf.2eeb05bed054c20ea00be4ebcbff64ad.jpg,0,0.000,False
data/raw_mastitis_sources\14d033d0-21122024_30_jpg.rf.e0842e030ff3f94cea2633ea1f8ce571.jpg,0,0.000,False
data/raw_mastitis_sources\16a9e743-21_12_2024_21_jpg.rf.4a817c5043b50bd4ed4a17a5d4f34d7e.jpg,0,0.000,False
data/raw_mastitis_sources\16a9e743-21_12_2024_21_jpg.rf.7a6d5bfd77131f8348eb1e042b47562c.jpg,0,0.000,False
data/raw_mastitis_sources\1a5ffa98-21122024_84_jpg.rf.835614318f59bd77ef7136587ae76866.jpg,0,0.000,False
data/raw_mastitis_sources\1a5ffa98-21122024_84_jpg.rf.e1dd6033b6a36f7078b002ba52678c51.jpg,0,0.000,False
data/raw_mastitis_sources\1b76fac8-21122024_3_jpg.rf.0532584c81adb90db78baa97b8eb015d.jpg,1,0.979,True
data/raw_mastitis_sources\1b76fac8-21122024_3_jpg.rf.998955b3cc0b9e2e96a8ec7e2d277555.jpg,1,0.792,True
data/raw_mastitis_sources\20251206145120_jpg.rf.28249af7e314947b7c3e9d0408351c98.jpg,0,0.000,False
data/raw_mastitis_sources\20251206145120_jpg.rf.da49d616709260ac210cce61a5dba4bb.jpg,0,0.000,False
data/raw_mastitis_sources\20251206145152_jpg.rf.77daf2593e2f0db7445eda1e38981d96.jpg,0,0.000,False
data/raw_mastitis_sources\20251206145152_jpg.rf.cab6d446cbf9f2e6690fd06f81836010.jpg,0,0.000,False
data/raw_mastitis_sources\20251206145156_jpg.rf.5019cba8974fe7b1e206f247e890d65b.jpg,0,0.000,False
data/raw_mastitis_sources\20251206145156_jpg.rf.64df1581cffeb0749127ca2694489706.jpg,0,0.000,False
data/raw_mastitis_sources\20251206145223_jpg.rf.804a9d7ad04c333cabc71cf03ca37c8c.jpg,0,0.000,False
data/raw_mastitis_sources\20251206145223_jpg.rf.c83e6f39bc3fb3bc22ed25b05711d20d.jpg,0,0.000,False
data/raw_mastitis_sources\20251206145317_jpg.rf.8265b310a692b1a6638f432ac5ab36d7.jpg,0,0.000,False
data/raw_mastitis_sources\20251206145317_jpg.rf.a721d96ec06c1728ad8b685333f5a6a1.jpg,0,0.000,False
data/raw_mastitis_sources\23011728-21122024_25_jpg.rf.11e41bec10424c973fec1382de3bcdfe.jpg,0,0.000,False
data/raw_mastitis_sources\23011728-21122024_25_jpg.rf.25f18b72cf102a67ea7c4f9e5e499ffc.jpg,0,0.000,False
data/raw_mastitis_sources\23011728-21122024_25_jpg.rf.3aaceb4ca4e732863b5c805687e82bbb.jpg,0,0.000,False
data/raw_mastitis_sources\23011728-21122024_25_jpg.rf.ab2d63ae983f38ea1771a1513ec31410.jpg,0,0.000,False
data/raw_mastitis_sources\26fd1d10-21122024_66_jpg.rf.1bc66af0ce31c826e6cb84779f222dfd.jpg,0,0.000,False
data/raw_mastitis_sources\26fd1d10-21122024_66_jpg.rf.3590a1c36451cab830e02276a7ac726e.jpg,0,0.000,False
data/raw_mastitis_sources\2788edb8-21122024_14_jpg.rf.d91cd3048d5a21a2b48fe1b6b129738f.jpg,0,0.000,False
data/raw_mastitis_sources\2788edb8-21122024_14_jpg.rf.f6d4ad51355cc9e566cb25f184e04f52.jpg,0,0.000,False
data/raw_mastitis_sources\286676a5-21122024_47_jpg.rf.1f1351a407acb46255193bf0f2fd308a.jpg,0,0.000,False
data/raw_mastitis_sources\286676a5-21122024_47_jpg.rf.329f650e84a48d02b7be3cc42482e101.jpg,0,0.000,False
data/raw_mastitis_sources\29ce3956-21122024_15_jpg.rf.0d55f35640f0726bcd5a527b22f5b82c.jpg,0,0.000,False
data/raw_mastitis_sources\29ce3956-21122024_15_jpg.rf.6e41068caf064b7854618d6dcfda7816.jpg,0,0.000,False
data/raw_mastitis_sources\2c8b6b77-21122024_83_jpg.rf.de3da42347a0e77d43d9e64d92432c13.jpg,0,0.000,False
data/raw_mastitis_sources\2c8b6b77-21122024_83_jpg.rf.f559b68631a40843d14d4fd00961f9a6.jpg,0,0.000,False
data/raw_mastitis_sources\2f3a8b2d-21122024_38_jpg.rf.a26c75176a335bc52f10727c39aad960.jpg,0,0.000,False
data/raw_mastitis_sources\2f3a8b2d-21122024_38_jpg.rf.f92d988970c44c94eefd23c22608e112.jpg,0,0.000,False
data/raw_mastitis_sources\2ffcb8ec-21122024_71_jpg.rf.6caf26a5033fba4103b1123703be896b.jpg,0,0.000,False
data/raw_mastitis_sources\2ffcb8ec-21122024_71_jpg.rf.cd5bf0a3422a49395c4b7737d6f4de99.jpg,0,0.000,False
data/raw_mastitis_sources\31145f9d-21_12_2024_27_jpg.rf.08a1fd5f84fc64e4baa239b4942006fc.jpg,0,0.000,False
data/raw_mastitis_sources\31145f9d-21_12_2024_27_jpg.rf.eed3b21b36849eea673ecc480688f7d0.jpg,0,0.000,False
data/raw_mastitis_sources\31c36771-21122024_7_jpg.rf.5624efd74773df91dc54e153ca8f3e1d.jpg,0,0.000,False
data/raw_mastitis_sources\31c36771-21122024_7_jpg.rf.ffd50167e4e05bc7aec6db4105f2b8d0.jpg,0,0.000,False
data/raw_mastitis_sources\322ff08a-21122024_64_jpg.rf.32f6d5ccb4889d2347659a828fd7bf8d.jpg,0,0.000,False
data/raw_mastitis_sources\322ff08a-21122024_64_jpg.rf.fc4f55324a60e81ad334edcc54985bb0.jpg,1,0.516,True
data/raw_mastitis_sources\326b2264-21_12_2024_41_jpg.rf.325176773307a0897e7c842a7ca2340f.jpg,0,0.000,False
data/raw_mastitis_sources\326b2264-21_12_2024_41_jpg.rf.6c9c96080e5e562f55ac9b03043596c8.jpg,0,0.000,False
data/raw_mastitis_sources\34547ed3-21122024_81_jpg.rf.19ab8568e91532736ef059a211c70811.jpg,0,0.000,False
data/raw_mastitis_sources\34547ed3-21122024_81_jpg.rf.295bd60538cd44339a84dd4dccd7b0b4.jpg,0,0.000,False
data/raw_mastitis_sources\34547ed3-21122024_81_jpg.rf.5c439996381d22ef13562c7d7f380c7a.jpg,0,0.000,False
data/raw_mastitis_sources\34547ed3-21122024_81_jpg.rf.bd5700ec1322c5f727273cd009af9092.jpg,0,0.000,False
data/raw_mastitis_sources\34f82839-21122024_8_jpg.rf.2e8e51dbc42aef7fd8e89dc18d9108e5.jpg,0,0.000,False
data/raw_mastitis_sources\34f82839-21122024_8_jpg.rf.faf7bd890d6332b0e9f3039b8e4f0e11.jpg,0,0.000,False
data/raw_mastitis_sources\375af184-21_12_2024_16_jpg.rf.73553b47ddaae35f62633684c75f1df4.jpg,0,0.000,False
data/raw_mastitis_sources\375af184-21_12_2024_16_jpg.rf.fce4f0e3a38bca78357dd9c056209c4e.jpg,0,0.000,False
data/raw_mastitis_sources\39085ffa-21122024_33_jpg.rf.0e74457028b57296f5ab9c3fb3141084.jpg,0,0.000,False
data/raw_mastitis_sources\39085ffa-21122024_33_jpg.rf.c4eb060ac2fb6af65cc04c65698f2abf.jpg,0,0.000,False
data/raw_mastitis_sources\3dc89278-21_12_2024_8_jpg.rf.b360878814c1f0c67bd50632c48ac89f.jpg,1,0.967,True
data/raw_mastitis_sources\3dc89278-21_12_2024_8_jpg.rf.eef54bad12af37151f20dbc8d7227cc9.jpg,0,0.000,False
data/raw_mastitis_sources\3ea85731-21122024_29_jpg.rf.2bf99caea620810ecfe0cff5dc32817c.jpg,0,0.000,False
data/raw_mastitis_sources\3ea85731-21122024_29_jpg.rf.d15ff6d85b5e8c80262e79b95d1d7932.jpg,0,0.000,False
data/raw_mastitis_sources\41d9cb32-21_12_2024_46_jpg.rf.5b8493e865be6ccd5f6b369b3c5ebabc.jpg,0,0.000,False
data/raw_mastitis_sources\41d9cb32-21_12_2024_46_jpg.rf.d908fbf22f8b80ffa6c4c307f852b618.jpg,0,0.000,False
data/raw_mastitis_sources\454d728d-21122024_56_jpg.rf.4c4bb031bb327adc0a28df1bb6bf510e.jpg,0,0.000,False
data/raw_mastitis_sources\454d728d-21122024_56_jpg.rf.da3b47862a78019dc31feed2e0afd7ee.jpg,0,0.000,False
data/raw_mastitis_sources\46a0d7e8-21122024_24_jpg.rf.82a0331f3f474545d37215b956f70655.jpg,0,0.000,False
data/raw_mastitis_sources\46a0d7e8-21122024_24_jpg.rf.ebe2c516c9f8b9d77c5f691c6569be7b.jpg,0,0.000,False
data/raw_mastitis_sources\47a8d0e6-21_12_2024_5_jpg.rf.39b8ca65de459994c75edf577c16168c.jpg,0,0.000,False
data/raw_mastitis_sources\47a8d0e6-21_12_2024_5_jpg.rf.936a2aa3f80e1775caaf8d04bb2640fb.jpg,0,0.000,False
data/raw_mastitis_sources\4e5d3550-21122024_2_jpg.rf.7207f7cc16b95e86a9e96a531a8befe1.jpg,0,0.000,False
data/raw_mastitis_sources\4e5d3550-21122024_2_jpg.rf.a9bef911828d05ee756ff1b0c375d8bd.jpg,0,0.000,False
data/raw_mastitis_sources\4ec13d9f-21_12_2024_29_jpg.rf.0e4273ccebb624d20deed79529fc08c8.jpg,0,0.000,False
data/raw_mastitis_sources\4ec13d9f-21_12_2024_29_jpg.rf.5cfb220a1d0fc48adca9b1f2d282fb03.jpg,0,0.000,False
data/raw_mastitis_sources\51a76ac3-21_12_2024_30_jpg.rf.070a882176a74f9bb39a0122415dedc4.jpg,0,0.000,False
data/raw_mastitis_sources\51a76ac3-21_12_2024_30_jpg.rf.79e0a8eba67fd369f4693a3222f2c750.jpg,1,0.723,True
data/raw_mastitis_sources\58552792-21122024_20_jpg.rf.759cdab0ffe18c15526a6ef3442f25a0.jpg,0,0.000,False
data/raw_mastitis_sources\58552792-21122024_20_jpg.rf.87aea8a86c0ae9dbb08c4df8e0e03daa.jpg,0,0.000,False
data/raw_mastitis_sources\5889ede9-21122024_54_jpg.rf.034b0da5d2c3acd493e55248e7bae8a5.jpg,0,0.000,False
data/raw_mastitis_sources\5889ede9-21122024_54_jpg.rf.4fa358e5e56abff14db0685f5810132e.jpg,0,0.000,False
data/raw_mastitis_sources\58fa1d7b-21_12_2024_17_jpg.rf.99569af35864772472ea46b2036719a7.jpg,0,0.000,False
data/raw_mastitis_sources\58fa1d7b-21_12_2024_17_jpg.rf.b4cc7eca90ba23a04512bf17de96497b.jpg,0,0.000,False
data/raw_mastitis_sources\5b1d2eec-21_12_2024_34_jpg.rf.6674c5f4b387db6a54af2db8174d7da0.jpg,0,0.000,False
data/raw_mastitis_sources\5b1d2eec-21_12_2024_34_jpg.rf.c013d8d8526cec22a2f01b567a93b405.jpg,0,0.000,False
data/raw_mastitis_sources\5be1e88f-21_12_2024_52_jpg.rf.088c3219d2c2f85cc5625360d7285e7d.jpg,0,0.000,False
data/raw_mastitis_sources\5be1e88f-21_12_2024_52_jpg.rf.72d33cca801d9db7e4f14975298af545.jpg,0,0.000,False
data/raw_mastitis_sources\5c3dfe79-21_12_2024_1_jpg.rf.14da52ea0566ce1c2b64c5757ae7d45b.jpg,0,0.000,False
data/raw_mastitis_sources\5c3dfe79-21_12_2024_1_jpg.rf.46e23f4dd50ae2c0662d0fcbd9e413b6.jpg,0,0.000,False
data/raw_mastitis_sources\5d56e08e-21122024_28_jpg.rf.4738d078ec18f762c355ce615fa5df04.jpg,0,0.000,False
data/raw_mastitis_sources\5d56e08e-21122024_28_jpg.rf.5a4c9700dde22744532357d1f4eb8528.jpg,0,0.000,False
data/raw_mastitis_sources\5e74aee9-21122024_82_jpg.rf.4e4a17afa9aee34a7e8c2589c0f55e19.jpg,0,0.000,False
data/raw_mastitis_sources\5e74aee9-21122024_82_jpg.rf.50a49175b0117c57c7efb29b05a018dc.jpg,0,0.000,False
data/raw_mastitis_sources\608eed94-21_12_2024_6_jpg.rf.57ce193838441415e1bd92d9115444d9.jpg,0,0.000,False
data/raw_mastitis_sources\608eed94-21_12_2024_6_jpg.rf.61777d02447dadc64b2de9bb43890e27.jpg,0,0.000,False
data/raw_mastitis_sources\61a31238-21122024_49_jpg.rf.03e937993e33795784b8f2625af91bd1.jpg,0,0.000,False
data/raw_mastitis_sources\61a31238-21122024_49_jpg.rf.05683e88d91905cb7f00fd2ec4d213c9.jpg,0,0.000,False
data/raw_mastitis_sources\61a31238-21122024_49_jpg.rf.539c6372856a6feb086a040e83b98d3f.jpg,0,0.000,False
data/raw_mastitis_sources\61a31238-21122024_49_jpg.rf.f533794b51a55c6aa351bf2e19681ed1.jpg,0,0.000,False
data/raw_mastitis_sources\65562b21-21122024_26_jpg.rf.e22faba63627843a2f7ba303a0f3b86a.jpg,0,0.000,False
data/raw_mastitis_sources\65562b21-21122024_26_jpg.rf.ea5472259c10a525511ec111731298cc.jpg,0,0.000,False
data/raw_mastitis_sources\6b9eea37-21122024_34_jpg.rf.21a46368721ce4d2eb6efe2f69c06922.jpg,0,0.000,False
data/raw_mastitis_sources\6b9eea37-21122024_34_jpg.rf.cc6a91e57fd5153555ff8a83f9b518b7.jpg,0,0.000,False
data/raw_mastitis_sources\6cc4d285-21_12_2024_13_jpg.rf.956c829b588f2370647ef63dc48676c3.jpg,0,0.000,False
data/raw_mastitis_sources\6cc4d285-21_12_2024_13_jpg.rf.eefc6ff85f1aa44bfd39d7cb972f5237.jpg,0,0.000,False
data/raw_mastitis_sources\6d510ad1-21122024_90_jpg.rf.72df11edf55a0a32966f164d67008f68.jpg,0,0.000,False
data/raw_mastitis_sources\6d510ad1-21122024_90_jpg.rf.7d5743ec4249bc44d61c9ff6c8bff2d0.jpg,0,0.000,False
data/raw_mastitis_sources\6ed759e5-21122024_70_jpg.rf.34b2f68574904977102bd34bf559216c.jpg,0,0.000,False
data/raw_mastitis_sources\6ed759e5-21122024_70_jpg.rf.7e4ba88c47202fdf60ae27e34c41b160.jpg,0,0.000,False
data/raw_mastitis_sources\745f211a-21_12_2024_50_jpg.rf.1bfa787871d29d39c8b0b3e88df57810.jpg,0,0.000,False
data/raw_mastitis_sources\745f211a-21_12_2024_50_jpg.rf.821439a2f80b74a9d9dfd5ad72c6bab5.jpg,0,0.000,False
data/raw_mastitis_sources\746abc04-21122024_27_jpg.rf.e0569ea53b9779c837dd88db07602da9.jpg,0,0.000,False
data/raw_mastitis_sources\746abc04-21122024_27_jpg.rf.ea4f20ef2f6d45b5740f4e27a4ca444e.jpg,0,0.000,False
data/raw_mastitis_sources\7717b7e6-21122024_74_jpg.rf.cfadd54f201a277c5d5b9885b46d2f3a.jpg,0,0.000,False
data/raw_mastitis_sources\7717b7e6-21122024_74_jpg.rf.f20c2b3aa264bd4dfbf1b6cea1539554.jpg,0,0.000,False
data/raw_mastitis_sources\78f98560-21122024_75_jpg.rf.58d57242f2ea12c341e0213694e1bdcd.jpg,0,0.000,False
data/raw_mastitis_sources\78f98560-21122024_75_jpg.rf.c810f45857ddd58d0f4efcfb438567e9.jpg,0,0.000,False
data/raw_mastitis_sources\79e5d083-21122024_11_jpg.rf.21e3025d3788f1cb4c5ace46af124eb7.jpg,0,0.000,False
data/raw_mastitis_sources\79e5d083-21122024_11_jpg.rf.45dc226a0f9c24e0e685ef9956dd0a08.jpg,0,0.000,False
data/raw_mastitis_sources\7a13d91a-21122024_77_jpg.rf.f308feb583e855a50080447671677126.jpg,0,0.000,False
data/raw_mastitis_sources\7a13d91a-21122024_77_jpg.rf.fd8aaf28d771168c6100f6f14350ea31.jpg,0,0.000,False
data/raw_mastitis_sources\7c626f22-21122024_78_jpg.rf.59a873237b5cab468ba2f4a236751abe.jpg,0,0.000,False
data/raw_mastitis_sources\7c626f22-21122024_78_jpg.rf.66fef80b142bb5bf6705d8c94f6a6bae.jpg,0,0.000,False
data/raw_mastitis_sources\7cc84ae4-21122024_72_jpg.rf.43b6d6aceebfce48d80d8b0479c4c4c4.jpg,0,0.000,False
data/raw_mastitis_sources\7cc84ae4-21122024_72_jpg.rf.d0c3bba58b875d81571f4a0b94373061.jpg,0,0.000,False
data/raw_mastitis_sources\7e6e0b8f-21122024_85_jpg.rf.0fd583f376459100d15a00e14bd9a173.jpg,0,0.000,False
data/raw_mastitis_sources\7e6e0b8f-21122024_85_jpg.rf.fca5c621a637fb830f5634dfc1a2839a.jpg,0,0.000,False
data/raw_mastitis_sources\8132dec8-21122024_62_jpg.rf.64c11e9bfaf49c0328acdf32caec0a2a.jpg,0,0.000,False
data/raw_mastitis_sources\8132dec8-21122024_62_jpg.rf.cfb5dc8f8156b5fd0a6808a4fe6a6356.jpg,0,0.000,False
data/raw_mastitis_sources\83cf085c-21122024_88_jpg.rf.7330015ab076dcaa22448b3cbc8ad633.jpg,0,0.000,False
data/raw_mastitis_sources\83cf085c-21122024_88_jpg.rf.735ee5557a9671eb71ef44ea26b08f08.jpg,0,0.000,False
data/raw_mastitis_sources\848c19d0-21_12_2024_3_jpg.rf.62dc96b3b9648ba87e00267f48829871.jpg,0,0.000,False
data/raw_mastitis_sources\848c19d0-21_12_2024_3_jpg.rf.7f97236103d87fa1d83f624eaa5416ff.jpg,0,0.000,False
data/raw_mastitis_sources\848c19d0-21_12_2024_3_jpg.rf.b4ad25a045bbed1c40386e3bdb0fdd3b.jpg,0,0.000,False
data/raw_mastitis_sources\848c19d0-21_12_2024_3_jpg.rf.cc6655929a5beb83368ca4510abc43ed.jpg,0,0.000,False
data/raw_mastitis_sources\8a1b9c4b-21122024_63_jpg.rf.55de13530814e632bfc8f4ae291095a0.jpg,0,0.000,False
data/raw_mastitis_sources\8a1b9c4b-21122024_63_jpg.rf.e252145a358764bc2239a34b574c8f51.jpg,0,0.000,False
data/raw_mastitis_sources\8b7158ff-21_12_2024_48_jpg.rf.89a06c5aa331c81e6d2a4fd29ae9e359.jpg,0,0.000,False
data/raw_mastitis_sources\8b7158ff-21_12_2024_48_jpg.rf.cb0d609732b873de1c866a1365b616d1.jpg,0,0.000,False
data/raw_mastitis_sources\8c6c230d-21122024_68_jpg.rf.38ac1d1e3e5ef2c0011754e78a846791.jpg,0,0.000,False
data/raw_mastitis_sources\8c6c230d-21122024_68_jpg.rf.d43fdfe52b96b031e2467cceb18583f5.jpg,0,0.000,False
data/raw_mastitis_sources\8d28e3b3-21122024_37_jpg.rf.acea2519c70c0a6fdae43564df1249fb.jpg,0,0.000,False
data/raw_mastitis_sources\8d28e3b3-21122024_37_jpg.rf.ed6130429672f7fd92539205da69164f.jpg,0,0.000,False
data/raw_mastitis_sources\900ff3df-21122024_39_jpg.rf.12d80238d754d7a600001b673c318862.jpg,0,0.000,False
data/raw_mastitis_sources\900ff3df-21122024_39_jpg.rf.4e80c019dceb56bbcceefdb010259806.jpg,0,0.000,False
data/raw_mastitis_sources\912c874e-21_12_2024_20_jpg.rf.896e204e69e4b106142acd0b3e7a8dbb.jpg,0,0.000,False
data/raw_mastitis_sources\912c874e-21_12_2024_20_jpg.rf.b579ade89dbc6e49ec8f032f1b07582a.jpg,0,0.000,False
data/raw_mastitis_sources\94b5efda-21122024_13_jpg.rf.2e90b2f126aee0c0b3225a9de0ce817d.jpg,0,0.000,False
data/raw_mastitis_sources\94b5efda-21122024_13_jpg.rf.79b0977ceb18bc6656dc41c6c58c21cb.jpg,0,0.000,False
data/raw_mastitis_sources\96a602b2-21122024_50_jpg.rf.b1e5743c507041eaa31fb605e694739b.jpg,0,0.000,False
data/raw_mastitis_sources\96a602b2-21122024_50_jpg.rf.fdd2748d82e1681685197e7035c3d8e1.jpg,0,0.000,False
data/raw_mastitis_sources\9bcf77a7-21122024_6_jpg.rf.a210581dd19ed4c3b16fdaa162c473d6.jpg,0,0.000,False
data/raw_mastitis_sources\9bcf77a7-21122024_6_jpg.rf.c1626e64c493f76124eb43e368c28f90.jpg,0,0.000,False
data/raw_mastitis_sources\9cc3dedc-21122024_40_jpg.rf.09ec5b01bb22ad91c03719676091d2c2.jpg,0,0.000,False
data/raw_mastitis_sources\9cc3dedc-21122024_40_jpg.rf.fa2fbe520d5f6e3807ee2bf3078cbb7d.jpg,0,0.000,False
data/raw_mastitis_sources\9dea00db-21_12_2024_18_jpg.rf.5273bfb9c594b659f0e710636636bdbf.jpg,0,0.000,False
data/raw_mastitis_sources\9dea00db-21_12_2024_18_jpg.rf.86b182eb8ba095fd6640ca915f5255e3.jpg,0,0.000,False
data/raw_mastitis_sources\9ed6b885-21122024_73_jpg.rf.6f3cc6ed4b3dc6e2a4b8b710bc9d06db.jpg,0,0.000,False
data/raw_mastitis_sources\9ed6b885-21122024_73_jpg.rf.86e9e3111000d555095240615a639883.jpg,0,0.000,False
data/raw_mastitis_sources\9ed6b885-21122024_73_jpg.rf.95ca9cc4c91fef87c8055ccb49e50d6b.jpg,0,0.000,False
data/raw_mastitis_sources\9ed6b885-21122024_73_jpg.rf.eeb6f2e21117c4273bb1266c1f80da1d.jpg,0,0.000,False
data/raw_mastitis_sources\AdobeStock_159261631_Preview_jpeg_jpg.rf.0b63d7d52de31bc7ef32a1d1e01d941e.jpg,0,0.000,False
data/raw_mastitis_sources\AdobeStock_159261631_Preview_jpeg_jpg.rf.8ae2e0945016de6d8624b095ac6e818c.jpg,0,0.000,False
data/raw_mastitis_sources\AdobeStock_346074238_Preview_jpeg_jpg.rf.3544348bc06079c410eef5eea4e5c283.jpg,0,0.000,False
data/raw_mastitis_sources\AdobeStock_346074238_Preview_jpeg_jpg.rf.d15bb6e551fd5a13d6702a65d5bd68d2.jpg,0,0.000,False
data/raw_mastitis_sources\AdobeStock_360140155_Preview_jpeg_jpg.rf.212040a18f95d6305f0ff75ad7b3f8bf.jpg,0,0.000,False
data/raw_mastitis_sources\AdobeStock_360140155_Preview_jpeg_jpg.rf.920d8a44c9a908ebcd29f8fe2f30b62a.jpg,0,0.000,False
data/raw_mastitis_sources\AdobeStock_411229317_Preview_jpeg_jpg.rf.8cfa17f1abad5de4c45caa5e73b83cee.jpg,0,0.000,False
data/raw_mastitis_sources\AdobeStock_411229317_Preview_jpeg_jpg.rf.e4406d5f0935f57407990c899550989a.jpg,0,0.000,False
data/raw_mastitis_sources\AdobeStock_493193259_Preview_jpeg_jpg.rf.371381c5579fc2d46bac0919f932ee7b.jpg,0,0.000,False
data/raw_mastitis_sources\AdobeStock_493193259_Preview_jpeg_jpg.rf.8a9c17a230447c12751ac3c21280e304.jpg,0,0.000,False
data/raw_mastitis_sources\AdobeStock_686808903_Preview_jpeg_jpg.rf.84b947a409b8e0f6fdfac09bcbba382b.jpg,0,0.000,False
data/raw_mastitis_sources\AdobeStock_686808903_Preview_jpeg_jpg.rf.92cc514d55fb13291de31784c38a86bf.jpg,0,0.000,False
data/raw_mastitis_sources\Base-ringing-400x284.jpg,0,0.000,False
data/raw_mastitis_sources\Burnt-teat-e1515283231199-400x284.jpg,0,0.000,False
data/raw_mastitis_sources\Chemcial-burn-e1515283477137-400x284.jpg,0,0.000,False
data/raw_mastitis_sources\Chemcial-burn3-e1515283623745-400x284.jpg,0,0.000,False
data/raw_mastitis_sources\Chemcial-burn4-e1515283733588-400x284.jpg,0,0.000,False
data/raw_mastitis_sources\Chemical-burn-6-400x284.jpg,0,0.000,False
data/raw_mastitis_sources\Chemical-burn-7-e1515283936872-400x284.jpg,0,0.000,False
data/raw_mastitis_sources\Chemical-damage-e1515285856612-356x284.jpg,0,0.000,False
data/raw_mastitis_sources\Chlorine-pre-dip-used-at-4-parts-chlorine-1-part-waters-manure-solids-bedding-e1515285965121-400x284.jpg,0,0.000,False
data/raw_mastitis_sources\Creased-blue-teats-low-rest-phase-high-vacuumKE-400x284.jpg,0,0.000,False
data/raw_mastitis_sources\Creased-blue-teats-low-rest-phase-high-vacuumKE-400x284_jpg.rf.5b8ac7a07b707d26728b5053d85810bc.jpg,0,0.000,False
data/raw_mastitis_sources\Creased-blue-teats-low-rest-phase-high-vacuumKE-400x284_jpg.rf.bf61a4c9762bd7c93c6bacc13b465ce4.jpg,0,0.000,False
data/raw_mastitis_sources\Drying-chemical-barrier-dip-build-up-build-up-e1515286053269.jpg,0,0.000,False
data/raw_mastitis_sources\Facial-eczma-on-teats-e1515294568304-400x284.jpg,0,0.000,False
data/raw_mastitis_sources\Hyperkeratosis-e1515371480240-332x284.jpg,1,0.845,True
data/raw_mastitis_sources\IMG_20250118_143855_jpg.rf.538d985e7408847931aadcb4726e9663.jpg,0,0.000,False
data/raw_mastitis_sources\IMG_20250118_143855_jpg.rf.d0c33eb47b2ec9af01f0490cdd6ad19d.jpg,0,0.000,False
data/raw_mastitis_sources\IMG_20250118_144130_jpg.rf.464b57093fdfbe43cc3ef931d5f2a258.jpg,0,0.000,False
data/raw_mastitis_sources\IMG_20250118_144130_jpg.rf.87033fb86668c7621a00768fe4cd2b70.jpg,1,0.580,True
data/raw_mastitis_sources\IMG_20250118_144203_jpg.rf.0f3a3612180918ba2fbc15bef80cf0d6.jpg,0,0.000,False
data/raw_mastitis_sources\IMG_20250118_144203_jpg.rf.c79a10eddd0ca71252318f0d449c9448.jpg,0,0.000,False
data/raw_mastitis_sources\IMG_20250118_144220_jpg.rf.363bd87326d9977c4602a41de61d6c37.jpg,0,0.000,False
data/raw_mastitis_sources\IMG_20250118_144220_jpg.rf.e3c81c32b05d60c2ae22a9a44723bca5.jpg,0,0.000,False
data/raw_mastitis_sources\IMG_20250118_144245_jpg.rf.293251e45bdfd6f266e8aceb53bf06c6.jpg,0,0.000,False
data/raw_mastitis_sources\IMG_20250118_144245_jpg.rf.fd03312190f9c184be2458fd0d9b2d7a.jpg,0,0.000,False
data/raw_mastitis_sources\IMG_20250118_144310_jpg.rf.0663188f0b73279b0ffbe85e40747f0b.jpg,0,0.000,False
data/raw_mastitis_sources\IMG_20250118_144310_jpg.rf.ff7ef6b77fc0d09e483758b0b9aed996.jpg,0,0.000,False
data/raw_mastitis_sources\IMG_20250118_144326_jpg.rf.4894421cfe1b5c874e2a3be741476d00.jpg,0,0.000,False
data/raw_mastitis_sources\IMG_20250118_144326_jpg.rf.6c123511c5f2915d9ec8f55028d27a1d.jpg,0,0.000,False
data/raw_mastitis_sources\IMG_20250118_144326_jpg.rf.b48c0e3d145a29d39c4e3628015ea2b2.jpg,0,0.000,False
data/raw_mastitis_sources\IMG_20250118_144326_jpg.rf.d4a565057a685fa0b3e9bf68fe5de9e2.jpg,0,0.000,False
data/raw_mastitis_sources\IMG_20250118_144345_jpg.rf.247c3125ce425edfabb8eeffbce3f12e.jpg,0,0.000,False
data/raw_mastitis_sources\IMG_20250118_144345_jpg.rf.dde569f021fcd5467217f619d3de32c4.jpg,0,0.000,False
data/raw_mastitis_sources\IMG_20250118_144427_jpg.rf.917a72579e22d0537e9c4bba5ec37eb7.jpg,0,0.000,False
data/raw_mastitis_sources\IMG_20250118_144427_jpg.rf.9d1b45ac48e968587e87364759a73dee.jpg,0,0.000,False
data/raw_mastitis_sources\IMG_20250118_144441_jpg.rf.3b4ef0d2baf14676b595d6535ce0c977.jpg,0,0.000,False
data/raw_mastitis_sources\IMG_20250118_144441_jpg.rf.cbb54ddae09f7e7611629920b00f777f.jpg,0,0.000,False
data/raw_mastitis_sources\Isolated-keratin-1-1-e1515371116259-400x284.jpg,0,0.000,False
data/raw_mastitis_sources\Large-Ring-1-1-e1515371355481-400x284.jpg,0,0.000,False
data/raw_mastitis_sources\Large-Ring-1-2-e1515371563841-400x284.jpg,0,0.000,False
data/raw_mastitis_sources\Large-Ring-2-2-e1515371633565-400x284.jpg,0,0.000,False
data/raw_mastitis_sources\Large-Rough-Ring-1-2-e1515372034493-400x284.jpg,0,0.000,False
data/raw_mastitis_sources\NMC-TCP-chemical-damage1-e1515281879220-400x284.jpeg,0,0.000,False
data/raw_mastitis_sources\Papilloma-400x284.jpg,0,0.000,False
data/raw_mastitis_sources\Petechail-hemoraghing-e1515364651809-400x284.jpg,0,0.000,False
data/raw_mastitis_sources\Picture1-400x284.jpg,0,0.000,False
data/raw_mastitis_sources\Picture11-400x284.jpg,0,0.000,False
data/raw_mastitis_sources\Picture12-400x284.jpg,0,0.000,False
data/raw_mastitis_sources\Picture13-400x284.jpg,0,0.000,False
data/raw_mastitis_sources\Picture15-400x284.jpg,0,0.000,False
data/raw_mastitis_sources\Picture16-400x284.jpg,0,0.000,False
data/raw_mastitis_sources\Picture17-400x284.jpg,0,0.000,False
data/raw_mastitis_sources\Picture18-400x284.jpg,0,0.000,False
data/raw_mastitis_sources\Picture19-400x284.jpg,0,0.000,False
data/raw_mastitis_sources\Picture2-400x284.jpg,0,0.000,False
data/raw_mastitis_sources\Picture20-1-400x284.jpg,0,0.000,False
data/raw_mastitis_sources\Picture20-400x284.jpg,0,0.000,False
data/raw_mastitis_sources\Picture21-1-400x284.jpg,0,0.000,False
data/raw_mastitis_sources\Picture21-2-400x284.jpg,0,0.000,False
data/raw_mastitis_sources\Picture21-400x284.jpg,0,0.000,False
data/raw_mastitis_sources\Picture22-400x284.jpg,0,0.000,False
data/raw_mastitis_sources\Picture23-1-400x284.jpg,0,0.000,False
data/raw_mastitis_sources\Picture23-400x284.jpg,0,0.000,False
data/raw_mastitis_sources\Picture24-1-400x284.jpg,0,0.000,False
data/raw_mastitis_sources\Picture24-400x284.jpg,0,0.000,False
data/raw_mastitis_sources\Picture25-1-400x284.jpg,0,0.000,False
data/raw_mastitis_sources\Picture25-400x284.jpg,0,0.000,False
data/raw_mastitis_sources\Picture26-1-400x284.jpg,0,0.000,False
data/raw_mastitis_sources\Picture26-400x284.jpg,0,0.000,False
data/raw_mastitis_sources\Picture27-400x284.jpg,0,0.000,False
data/raw_mastitis_sources\Picture28-1-400x284.jpg,0,0.000,False
data/raw_mastitis_sources\Picture28-400x284.jpg,0,0.000,False
data/raw_mastitis_sources\Picture29-1-400x284.jpg,0,0.000,False
data/raw_mastitis_sources\Picture29-297x284.jpg,0,0.000,False
data/raw_mastitis_sources\Picture30-1-400x284.jpg,0,0.000,False
data/raw_mastitis_sources\Picture30-400x284.jpg,0,0.000,False
data/raw_mastitis_sources\Picture31-400x284.jpg,0,0.000,False
data/raw_mastitis_sources\Picture32-400x284.jpg,0,0.000,False
data/raw_mastitis_sources\Picture34-1-400x284.jpg,0,0.000,False
data/raw_mastitis_sources\Picture34-1-400x284_jpg.rf.14329c9a615ddd77cd5c2878f0688454.jpg,0,0.000,False
data/raw_mastitis_sources\Picture34-1-400x284_jpg.rf.249fe2d6385eed7086495e1a77468ac7.jpg,0,0.000,False
data/raw_mastitis_sources\Picture34-400x284.jpg,0,0.000,False
data/raw_mastitis_sources\Picture35-400x284.jpg,0,0.000,False
data/raw_mastitis_sources\Picture36-400x284.jpg,0,0.000,False
data/raw_mastitis_sources\Picture4-400x284.jpg,0,0.000,False
data/raw_mastitis_sources\Picture40-400x284.jpg,0,0.000,False
data/raw_mastitis_sources\Picture41-400x284.jpg,0,0.000,False
data/raw_mastitis_sources\Picture42-1-400x284.jpg,0,0.000,False
data/raw_mastitis_sources\Picture42-400x284.jpg,0,0.000,False
data/raw_mastitis_sources\Picture43-1-400x284.jpg,0,0.000,False
data/raw_mastitis_sources\Picture43-400x284.jpg,0,0.000,False
data/raw_mastitis_sources\Picture44-1-400x284.jpg,0,0.000,False
data/raw_mastitis_sources\Picture44-400x284.jpg,0,0.000,False
data/raw_mastitis_sources\Picture45-1-400x284.jpg,0,0.000,False
data/raw_mastitis_sources\Picture45-400x284.jpg,1,0.965,True
data/raw_mastitis_sources\Picture46-1-400x284.jpg,0,0.000,False
data/raw_mastitis_sources\Picture46-400x284.jpg,0,0.000,False
data/raw_mastitis_sources\Picture47-1-400x284.jpg,0,0.000,False
data/raw_mastitis_sources\Picture47-400x284.jpg,0,0.000,False
data/raw_mastitis_sources\Picture48-1-400x284.jpg,0,0.000,False
data/raw_mastitis_sources\Picture48-400x284.jpg,0,0.000,False
data/raw_mastitis_sources\Picture49-1-400x284.jpg,0,0.000,False
data/raw_mastitis_sources\Picture49-400x284.jpg,0,0.000,False
data/raw_mastitis_sources\Picture50-1-400x284.jpg,0,0.000,False
data/raw_mastitis_sources\Picture50-400x284.jpg,0,0.000,False
data/raw_mastitis_sources\Picture51-400x284.jpg,0,0.000,False
data/raw_mastitis_sources\Picture52-400x284.jpg,0,0.000,False
data/raw_mastitis_sources\Picture53-400x284.jpg,0,0.000,False
data/raw_mastitis_sources\Picture54-400x284.jpg,0,0.000,False
data/raw_mastitis_sources\Picture9-400x284.jpg,0,0.000,False
data/raw_mastitis_sources\Purple-Teats-with-wedging-overmilking-400x284.jpg,0,0.000,False
data/raw_mastitis_sources\Smooth-1-1-e1515372118683-400x284.jpg,0,0.000,False
data/raw_mastitis_sources\Smooth-2-1-e1515372198475-400x284.jpg,0,0.000,False
data/raw_mastitis_sources\Smooth-2-2-e1515372371349-400x284.jpg,0,0.000,False
data/raw_mastitis_sources\Very-Rough-2-1-e1515371869119-400x284.jpg,0,0.000,False
data/raw_mastitis_sources\Very-Rough-2-2-e1515372540883-400x284.jpg,0,0.000,False
data/raw_mastitis_sources\a0e7727b-21122024_55_jpg.rf.1554fe93be4c566727a495fe2679b39f.jpg,0,0.000,False
data/raw_mastitis_sources\a0e7727b-21122024_55_jpg.rf.5488cab4b7670a383c9187ca235678aa.jpg,0,0.000,False
data/raw_mastitis_sources\a38f9e3a-21122024_51_jpg.rf.2f44b911a301d192ff10c374760b9f1d.jpg,0,0.000,False
data/raw_mastitis_sources\a38f9e3a-21122024_51_jpg.rf.cd250e32cbee6b62633fcae10ccd5882.jpg,0,0.000,False
data/raw_mastitis_sources\a3bba9f8-21_12_2024_11_jpg.rf.7a84a80f1778bc61423396e3cced9646.jpg,1,0.678,True
data/raw_mastitis_sources\a3bba9f8-21_12_2024_11_jpg.rf.c598f7515a7a59f797c298804f7325a3.jpg,1,0.795,True
data/raw_mastitis_sources\a46ea349-21122024_53_jpg.rf.12845517a998b27c089b50673e916f40.jpg,0,0.000,False
data/raw_mastitis_sources\a46ea349-21122024_53_jpg.rf.5950148d161fe5d507475a5a0cd4b63b.jpg,0,0.000,False
data/raw_mastitis_sources\a7ee7d03-21_12_2024_32_jpg.rf.7242472644b15ea4d2c10a9333acd0c8.jpg,0,0.000,False
data/raw_mastitis_sources\a7ee7d03-21_12_2024_32_jpg.rf.e487471e198ba177608654f9084dbb2c.jpg,0,0.000,False
data/raw_mastitis_sources\af3145e7-21122024_19_jpg.rf.0fb65b3dc7d0efc8e6e5d85d0558744d.jpg,1,0.955,True
data/raw_mastitis_sources\af3145e7-21122024_19_jpg.rf.746b242b10603427304fa7a0b8bbbfd4.jpg,0,0.000,False
data/raw_mastitis_sources\ambing-sapi-20-_jpg.rf.5bf101e8eab3cf0beb88a4261c280c02.jpg,1,0.808,True
data/raw_mastitis_sources\ambing-sapi-20-_jpg.rf.6967a87e878e686e5711f1c76adf3100.jpg,1,0.805,True
data/raw_mastitis_sources\ambing-sapi-23-_jpg.rf.a9f7fb7b775a2e493ddb0dc09daa3ff8.jpg,0,0.000,False
data/raw_mastitis_sources\ambing-sapi-23-_jpg.rf.d25f28c7932913e63e0c0c975ddff5fb.jpg,0,0.000,False
data/raw_mastitis_sources\ambing-sapi-26-_jpg.rf.4fc8a9fdfca3058b80ba1662927a1d05.jpg,0,0.000,False
data/raw_mastitis_sources\ambing-sapi-26-_jpg.rf.f7768cbfe4db2f05da3aaaa53c88d3c2.jpg,0,0.000,False
data/raw_mastitis_sources\ambing-sapi-27-_jpg.rf.5e606a4cbb3461bf31bd174956823473.jpg,0,0.000,False
data/raw_mastitis_sources\ambing-sapi-27-_jpg.rf.834da70647ce269fcdc22ddb0a0b5f20.jpg,0,0.000,False
data/raw_mastitis_sources\ambing-sapi-28-_jpg.rf.3fcc40263dd6414e2762bc50a5d4593b.jpg,0,0.000,False
data/raw_mastitis_sources\ambing-sapi-28-_jpg.rf.4a013b9447d812b0778979ff041f7f7f.jpg,0,0.000,False
data/raw_mastitis_sources\ambing-sapi-29-_jpg.rf.59bb455beffbdda53b7f850196f59b73.jpg,0,0.000,False
data/raw_mastitis_sources\ambing-sapi-29-_jpg.rf.fd0452bf56799000f6a8ff32724f0db2.jpg,0,0.000,False
data/raw_mastitis_sources\ambing-sapi-38-_jpg.rf.83d8b577d7c96f4f3d903fa1213ce218.jpg,0,0.000,False
data/raw_mastitis_sources\ambing-sapi-38-_jpg.rf.9d25989ae22c744c7bc586494869cd15.jpg,0,0.000,False
data/raw_mastitis_sources\ambing-sapi-39-_jpg.rf.07898b0406aabe5097016b134d0fd1c5.jpg,0,0.000,False
data/raw_mastitis_sources\ambing-sapi-39-_jpg.rf.993afd84b9824d5a32a88eacaf9afbf7.jpg,0,0.000,False
data/raw_mastitis_sources\ambing-sapi-4-_jpg.rf.40092b3faaa29a7b87540562e493d1b9.jpg,0,0.000,False
data/raw_mastitis_sources\ambing-sapi-4-_jpg.rf.fa1527518f628ed1b158d14269667641.jpg,0,0.000,False
data/raw_mastitis_sources\ambing-sapi-42-_jpg.rf.00fe97b2d81e703affc9f52c2805cf73.jpg,0,0.000,False
data/raw_mastitis_sources\ambing-sapi-42-_jpg.rf.fb3d25ae902feda692d0946e1aa5adb7.jpg,0,0.000,False
data/raw_mastitis_sources\ambing-sapi-44-_jpg.rf.55f49286ba236801513365e21f0a4f84.jpg,0,0.000,False
data/raw_mastitis_sources\ambing-sapi-44-_jpg.rf.a0b204a97a1ecbe9d49713bf09583118.jpg,0,0.000,False
data/raw_mastitis_sources\ambing-sapi-45-_jpg.rf.5663edea6ab1c573c21cc06bd37ba122.jpg,0,0.000,False
data/raw_mastitis_sources\ambing-sapi-45-_jpg.rf.9dff1919371bca29da2be71b72760cb4.jpg,0,0.000,False
data/raw_mastitis_sources\ambing-sapi-46-_jpg.rf.8f6cd4a91ba35bf3b3319ee9a7d6b426.jpg,0,0.000,False
data/raw_mastitis_sources\ambing-sapi-46-_jpg.rf.ba30b05934458eadbba962f19842113b.jpg,0,0.000,False
data/raw_mastitis_sources\ambing-sapi-47-_jpg.rf.3cfb3dfb02dad428334aa95c9c43b084.jpg,0,0.000,False
data/raw_mastitis_sources\ambing-sapi-47-_jpg.rf.de6260470bdf5a05b953a530b3b154ec.jpg,0,0.000,False
data/raw_mastitis_sources\ambing-sapi-48-_jpg.rf.2d9a3bd9ec84cc1507eafae51a32bb8c.jpg,0,0.000,False
data/raw_mastitis_sources\ambing-sapi-48-_jpg.rf.a08b65931d9ccf8de838061c9ebdb7e9.jpg,0,0.000,False
data/raw_mastitis_sources\ambing-sapi-49-_jpg.rf.9a11476bff3185b89fc9424c24f721ca.jpg,0,0.000,False
data/raw_mastitis_sources\ambing-sapi-49-_jpg.rf.c2efba173304bf4f21eb8006ca07ba79.jpg,0,0.000,False
data/raw_mastitis_sources\ambing-sapi-5-_jpg.rf.0c6474fedbf7a486635b4ffe79fbb24a.jpg,0,0.000,False
data/raw_mastitis_sources\ambing-sapi-5-_jpg.rf.de7908eae49b35cde830e7bfaf755331.jpg,0,0.000,False
data/raw_mastitis_sources\ambing-sapi-53-_jpg.rf.41f30860a9130bc0a1267e0bb3abeb5e.jpg,0,0.000,False
data/raw_mastitis_sources\ambing-sapi-53-_jpg.rf.9469f2f2249b43f787096dbdd5e69b17.jpg,0,0.000,False
data/raw_mastitis_sources\ambing-sapi-55-_jpg.rf.079c8af1d5f86b375c0966efa50c0f69.jpg,0,0.000,False
data/raw_mastitis_sources\ambing-sapi-55-_jpg.rf.428fa4b5fce78fe786e843419c2ec515.jpg,0,0.000,False
data/raw_mastitis_sources\ambing-sapi-57-_jpg.rf.2869e8cebfe905cf003798c1d9917eac.jpg,0,0.000,False
data/raw_mastitis_sources\ambing-sapi-57-_jpg.rf.3cb1e42a818d6fba5d511a405bee1013.jpg,0,0.000,False
data/raw_mastitis_sources\ambing-sapi-8-_jpg.rf.19f42b729281ba686651101acc5db58e.jpg,0,0.000,False
data/raw_mastitis_sources\ambing-sapi-8-_jpg.rf.6704ccb5022d8c1ed807d13af00ca78d.jpg,1,0.972,True
data/raw_mastitis_sources\b1e05a11-21_12_2024_37_jpg.rf.19a2b58302cd9607607d9a88ec0ca08a.jpg,0,0.000,False
data/raw_mastitis_sources\b1e05a11-21_12_2024_37_jpg.rf.609cd2f939bbf5d10150059e2aa78085.jpg,0,0.000,False
data/raw_mastitis_sources\b1e05a11-21_12_2024_37_jpg.rf.b538c164fed2483e67c64585e5dd2420.jpg,0,0.000,False
data/raw_mastitis_sources\b1e05a11-21_12_2024_37_jpg.rf.e4dbe7858d473008d5a1e5d7702d7789.jpg,0,0.000,False
data/raw_mastitis_sources\b2926c83-21122024_59_jpg.rf.79232e117581eae7c7983069f9413259.jpg,0,0.000,False
data/raw_mastitis_sources\b2926c83-21122024_59_jpg.rf.a602b577ddb9b5081c77d1568b4801ff.jpg,0,0.000,False
data/raw_mastitis_sources\b2926c83-21122024_59_jpg.rf.d3da6a2e2f6fd1bb94815ad18a3e96e7.jpg,0,0.000,False
data/raw_mastitis_sources\b2926c83-21122024_59_jpg.rf.dc4a659901687d7fed9afc69df326a57.jpg,0,0.000,False
data/raw_mastitis_sources\b328d775-21122024_89_jpg.rf.a54ba72b546b0f3cbe753cb41dc1c48f.jpg,0,0.000,False
data/raw_mastitis_sources\b328d775-21122024_89_jpg.rf.e3def7f202754970e44eea836648aeb0.jpg,0,0.000,False
data/raw_mastitis_sources\b5c56af3-21122024_69_jpg.rf.41bc52d028afe5527a7cef9aa84f3e7b.jpg,0,0.000,False
data/raw_mastitis_sources\b5c56af3-21122024_69_jpg.rf.f5149554d480daddd883d568889f364e.jpg,0,0.000,False
data/raw_mastitis_sources\bd917fd8-21_12_2024_38_jpg.rf.3d9491e3ab4d64c176313b711767de4f.jpg,0,0.000,False
data/raw_mastitis_sources\bd917fd8-21_12_2024_38_jpg.rf.893c78217527f3ab9f458db55d798ea1.jpg,0,0.000,False
data/raw_mastitis_sources\blue11-e1515364798164-1012x1024-1-400x284.jpg,0,0.000,False
data/raw_mastitis_sources\blue12-e1515364823675-1024x790-1-400x284.jpg,0,0.000,False
data/raw_mastitis_sources\c0ca4205-21122024_4_jpg.rf.316acd5f83cf73f7d37bb167923ce11a.jpg,0,0.000,False
data/raw_mastitis_sources\c0ca4205-21122024_4_jpg.rf.3a7f6591be7bdbc2e3fb5d5485395f3d.jpg,0,0.000,False
data/raw_mastitis_sources\c588387f-21122024_80_jpg.rf.c50beafe77443f5d2b83631061ea76cb.jpg,0,0.000,False
data/raw_mastitis_sources\c588387f-21122024_80_jpg.rf.da15e5119a68747a0632820b42d8551f.jpg,0,0.000,False
data/raw_mastitis_sources\c595b50c-21_12_2024_35_jpg.rf.1f99ddf49c21e5fcb1b023594e6e74e3.jpg,0,0.000,False
data/raw_mastitis_sources\c595b50c-21_12_2024_35_jpg.rf.8a3c836a7522c80f9cd852a71f9a283b.jpg,0,0.000,False
data/raw_mastitis_sources\cf68b1ff-21122024_21_jpg.rf.41c2adbbd05090f7f55cb3a3fd4774f8.jpg,0,0.000,False
data/raw_mastitis_sources\cf68b1ff-21122024_21_jpg.rf.b6186674978037bf0e781f2563fb68b1.jpg,0,0.000,False
data/raw_mastitis_sources\cf9a7ed8-21122024_35_jpg.rf.39778d9e8e9a05fca28c56c7aeedff06.jpg,0,0.000,False
data/raw_mastitis_sources\cf9a7ed8-21122024_35_jpg.rf.c88c4152bfc43785e688f5c046d07d1f.jpg,0,0.000,False
data/raw_mastitis_sources\chaps-2.1new-and-healed-390x284.png,0,0.000,False
data/raw_mastitis_sources\chaps-3.1whole-teat.soiled-400x284.png,0,0.000,False
data/raw_mastitis_sources\chaps-4.1scabbed-400x284.png,0,0.000,False
data/raw_mastitis_sources\chaps-5.1.orifice-400x284.png,0,0.000,False
data/raw_mastitis_sources\chaps-6.1.mouthpiece-400x284.png,0,0.000,False
data/raw_mastitis_sources\chemical-burn2-e1515284193990-400x284.jpg,0,0.000,False
data/raw_mastitis_sources\d1886018-21122024_43_jpg.rf.362e756cc157ccc3f1650dc7ff9a2f76.jpg,0,0.000,False
data/raw_mastitis_sources\d1886018-21122024_43_jpg.rf.3ef8647a27d872d9991ffe1e7a477316.jpg,0,0.000,False
data/raw_mastitis_sources\d1886018-21122024_43_jpg.rf.9cd03881292937c0a523f473d5b0189d.jpg,0,0.000,False
data/raw_mastitis_sources\d1886018-21122024_43_jpg.rf.ec6ca4f49ae8db255d2a44c52285417f.jpg,0,0.000,False
data/raw_mastitis_sources\d57c896a-21122024_92_jpg.rf.0099ad4b12511c700a502741308ae9fd.jpg,0,0.000,False
data/raw_mastitis_sources\d57c896a-21122024_92_jpg.rf.96c55ad13a555d61e2ce417e655a6e0b.jpg,0,0.000,False
data/raw_mastitis_sources\de4d6641-21_12_2024_15_jpg.rf.00d6a4496ff2d8b032d47c317783c575.jpg,0,0.000,False
data/raw_mastitis_sources\de4d6641-21_12_2024_15_jpg.rf.d458d5e34bd857fefc4438094c22bfc6.jpg,0,0.000,False
data/raw_mastitis_sources\dfb2c997-21122024_61_jpg.rf.053bd1f6b7e601f0618e51fb429921e5.jpg,0,0.000,False
data/raw_mastitis_sources\dfb2c997-21122024_61_jpg.rf.38440ac7262a831e56d203464d6964a8.jpg,0,0.000,False
data/raw_mastitis_sources\dfd4ca08-21122024_48_jpg.rf.426693f8f8a4b5069e4043dcfedbf397.jpg,0,0.000,False
data/raw_mastitis_sources\dfd4ca08-21122024_48_jpg.rf.4c75ec146f58a7d7b1d9be6ac4224d62.jpg,0,0.000,False
data/raw_mastitis_sources\dry-skin-1-400x284.jpg,0,0.000,False
data/raw_mastitis_sources\dry-skin-2-400x284.jpg,0,0.000,False
data/raw_mastitis_sources\dry-skin-crack-6-400x284.jpg,0,0.000,False
data/raw_mastitis_sources\dry-skin-crack2-400x284.jpg,0,0.000,False
data/raw_mastitis_sources\dry-skin-crack3-400x284.jpg,0,0.000,False
data/raw_mastitis_sources\dry-skin-crack5-400x284.jpg,0,0.000,False
data/raw_mastitis_sources\dry-skin-crack7-400x284.jpg,0,0.000,False
data/raw_mastitis_sources\dry-skin-crack9-400x284.jpg,0,0.000,False
data/raw_mastitis_sources\dry-skin-eo5-400x284.jpg,0,0.000,False
data/raw_mastitis_sources\dry-skin5-400x284.jpg,0,0.000,False
data/raw_mastitis_sources\dry-skin7-400x284.jpg,0,0.000,False
data/raw_mastitis_sources\dry-skin8-400x284.jpg,0,0.000,False
data/raw_mastitis_sources\e1c74b47-21_12_2024_56_jpg.rf.17f05141f18500630850448b3e637a8b.jpg,0,0.000,False
data/raw_mastitis_sources\e1c74b47-21_12_2024_56_jpg.rf.a329e1d83ba37bfeb199b5ebc5147074.jpg,0,0.000,False
data/raw_mastitis_sources\e2aa2619-21122024_91_jpg.rf.180d42d6509cd4c1c538190de7e16f94.jpg,0,0.000,False
data/raw_mastitis_sources\e2aa2619-21122024_91_jpg.rf.80c178d2bd420de1963a41c5569a4481.jpg,0,0.000,False
data/raw_mastitis_sources\e2aa2619-21122024_91_jpg.rf.a9bd85755331ad61ed4c74f7132c573e.jpg,0,0.000,False
data/raw_mastitis_sources\e2aa2619-21122024_91_jpg.rf.dfc10dff8b7a021e75c1fd08a010d293.jpg,0,0.000,False
data/raw_mastitis_sources\e5dbab70-21_12_2024_28_jpg.rf.9a754c17d29495f75de5703a25e8c4bf.jpg,0,0.000,False
data/raw_mastitis_sources\e5dbab70-21_12_2024_28_jpg.rf.a8ca9d40b3e7d9c66f9cf7dc503f2ab9.jpg,0,0.000,False
data/raw_mastitis_sources\e5f93076-21122024_76_jpg.rf.03cdcd8aff84a88f7f3dd68c03a786b0.jpg,0,0.000,False
data/raw_mastitis_sources\e5f93076-21122024_76_jpg.rf.372e4b7e50df2c150b1af69038fe9346.jpg,0,0.000,False
data/raw_mastitis_sources\e5f93076-21122024_76_jpg.rf.4585c780d1db6350c20e2b4b555b8b17.jpg,0,0.000,False
data/raw_mastitis_sources\e5f93076-21122024_76_jpg.rf.664c8041895d2d7f7e91f35349d7fc68.jpg,0,0.000,False
data/raw_mastitis_sources\e933d518-21122024_57_jpg.rf.0f3b8e3456a39b15d23ee4e2f55cb844.jpg,0,0.000,False
data/raw_mastitis_sources\e933d518-21122024_57_jpg.rf.bd5df0a64d7eeb292be0865ec2d6e712.jpg,0,0.000,False
data/raw_mastitis_sources\e9c8f737-21122024_22_jpg.rf.5805666e52d4a6659004291dc021d887.jpg,0,0.000,False
data/raw_mastitis_sources\e9c8f737-21122024_22_jpg.rf.6ab9a5cf1349fa02011e6b22aaf6dfe2.jpg,0,0.000,False
data/raw_mastitis_sources\e9c8f737-21122024_22_jpg.rf.85c7786576ffd159d1bb7d8eeaf22703.jpg,0,0.000,False
data/raw_mastitis_sources\e9c8f737-21122024_22_jpg.rf.d16a57291e69acfeb95e99bc017df264.jpg,0,0.000,False
data/raw_mastitis_sources\ea11c2ea-21122024_5_jpg.rf.28a5082c94aa35bad1bd68ffe4278d88.jpg,0,0.000,False
data/raw_mastitis_sources\ea11c2ea-21122024_5_jpg.rf.649528618c84f55a6a477f46b802fa48.jpg,0,0.000,False
data/raw_mastitis_sources\ea11c2ea-21122024_5_jpg.rf.9e5f50b5e04d5bcbe2738f48b65b7deb.jpg,0,0.000,False
data/raw_mastitis_sources\ea11c2ea-21122024_5_jpg.rf.df4d28c1268fb31e6b775929d8526866.jpg,0,0.000,False
data/raw_mastitis_sources\exfol1-400x284.jpg,0,0.000,False
data/raw_mastitis_sources\exfol2-400x284.jpg,0,0.000,False
data/raw_mastitis_sources\exfol3-400x284.jpg,0,0.000,False
data/raw_mastitis_sources\f90de0ed-21122024_45_jpg.rf.6cb922662a54b4e91d652f4a92b824e2.jpg,0,0.000,False
data/raw_mastitis_sources\f90de0ed-21122024_45_jpg.rf.cdddc6cf325e30baa5c0da2f62a16bdf.jpg,0,0.000,False
data/raw_mastitis_sources\feb278f5-21122024_44_jpg.rf.839835457a0a0cdb476d9425f47e76b4.jpg,0,0.000,False
data/raw_mastitis_sources\feb278f5-21122024_44_jpg.rf.8bff472d6df36a0fb35fe78b4e7f9a63.jpg,0,0.000,False
data/raw_mastitis_sources\foto_biasa-10-_jpg.rf.002053889e3e91d4a7f9e2d1e71552b0.jpg,0,0.000,False
data/raw_mastitis_sources\foto_biasa-10-_jpg.rf.fd0f62582495b736dc569e62f3c31d7a.jpg,0,0.000,False
data/raw_mastitis_sources\foto_biasa-12-_jpg.rf.6ef2ceb2d788d65389d2e2b3ea712844.jpg,0,0.000,False
data/raw_mastitis_sources\foto_biasa-12-_jpg.rf.c0628f3d5014fd543609bd45188e45e4.jpg,0,0.000,False
data/raw_mastitis_sources\foto_biasa-16-_jpg.rf.7f6255957377ddfe26479bbd08826c20.jpg,1,0.862,True
data/raw_mastitis_sources\foto_biasa-16-_jpg.rf.cd5d62889eb5235416410b096acbf59c.jpg,1,0.547,True
data/raw_mastitis_sources\foto_biasa-17-_jpg.rf.245da15e8c73a5e32c0201f9a42532c6.jpg,0,0.000,False
data/raw_mastitis_sources\foto_biasa-17-_jpg.rf.d048f7e29c873eba0bf593706dcb5746.jpg,0,0.000,False
data/raw_mastitis_sources\foto_biasa-18-_jpg.rf.326da89c797b50fb62074039b62cfbce.jpg,0,0.000,False
data/raw_mastitis_sources\foto_biasa-18-_jpg.rf.a158eae8bda3673c306b671bf6fe7e02.jpg,0,0.000,False
data/raw_mastitis_sources\foto_biasa-19-_jpg.rf.43656307031dd8716c093542718ebc1d.jpg,0,0.000,False
data/raw_mastitis_sources\foto_biasa-19-_jpg.rf.c707456d88b56193408528ada455dbe2.jpg,0,0.000,False
data/raw_mastitis_sources\foto_biasa-2-_jpg.rf.4b62e96964170aa28325069b0382da38.jpg,0,0.000,False
data/raw_mastitis_sources\foto_biasa-2-_jpg.rf.71fd19202ef00e93c1de0eacf4ba00f0.jpg,0,0.000,False
data/raw_mastitis_sources\foto_biasa-20-_jpg.rf.64bd499cb7c72908bf52200656820dcb.jpg,1,0.536,True
data/raw_mastitis_sources\foto_biasa-20-_jpg.rf.895f0a2d7d889dbdcca2929b392b716c.jpg,0,0.000,False
data/raw_mastitis_sources\foto_biasa-21-_jpg.rf.3215775a704e49b8ee341a01e69ff4c5.jpg,0,0.000,False
data/raw_mastitis_sources\foto_biasa-21-_jpg.rf.7f041742fcd5fb964dead4dad5b8314b.jpg,0,0.000,False
data/raw_mastitis_sources\foto_biasa-4-_jpg.rf.77a820dd4d1fe39498ccf961059fb93a.jpg,0,0.000,False
data/raw_mastitis_sources\foto_biasa-4-_jpg.rf.fd4f554e2fc0400ded4ece073e70f372.jpg,0,0.000,False
data/raw_mastitis_sources\foto_biasa-6-_jpg.rf.6b77fd4351506e87f44b855ebe51e7f0.jpg,0,0.000,False
data/raw_mastitis_sources\foto_biasa-6-_jpg.rf.da6a3af58054830754f86ef4ce77ad30.jpg,0,0.000,False
data/raw_mastitis_sources\foto_biasa-8-_jpg.rf.7ba4d889a88bb34e70c0e642ebb929fa.jpg,0,0.000,False
data/raw_mastitis_sources\foto_biasa-8-_jpg.rf.993438f04bbfc08a3285e10f7d131737.jpg,0,0.000,False
data/raw_mastitis_sources\foto_flash-1-_jpg.rf.04e87f01942fcdba02fc6e93f9efd463.jpg,0,0.000,False
data/raw_mastitis_sources\foto_flash-1-_jpg.rf.709f67e10504eaeec800cf474c4ff4cc.jpg,0,0.000,False
data/raw_mastitis_sources\foto_flash-10-_jpg.rf.0568df07cef05d77d42a32d032bb81aa.jpg,0,0.000,False
data/raw_mastitis_sources\foto_flash-10-_jpg.rf.a3bbdb169e7c212ff0ec02a6a574429e.jpg,0,0.000,False
data/raw_mastitis_sources\foto_flash-11-_jpg.rf.f1193a39d0d6276ca91e8c5140fc89da.jpg,0,0.000,False
data/raw_mastitis_sources\foto_flash-11-_jpg.rf.f9a49944a3ed969b7cd650192bdd045c.jpg,0,0.000,False
data/raw_mastitis_sources\foto_flash-12-_jpg.rf.a93a0d874694fe2588928125e5564df4.jpg,0,0.000,False
data/raw_mastitis_sources\foto_flash-12-_jpg.rf.ad6028501941e7e3737a66ad4e0286c8.jpg,0,0.000,False
data/raw_mastitis_sources\foto_flash-13-_jpg.rf.3aacdbda02f6e091075a2349ea650eaf.jpg,0,0.000,False
data/raw_mastitis_sources\foto_flash-13-_jpg.rf.7c0764a2f27740b40f4d6576cb489da0.jpg,0,0.000,False
data/raw_mastitis_sources\foto_flash-15-_jpg.rf.b8a9fc93c1ca9d7f41cfb1689d7fd21e.jpg,0,0.000,False
data/raw_mastitis_sources\foto_flash-15-_jpg.rf.bea54042fc4bb9fc869f3e582123cde4.jpg,0,0.000,False
data/raw_mastitis_sources\foto_flash-17-_jpg.rf.802cfe1ce55b608182770e26c5f7db25.jpg,0,0.000,False
data/raw_mastitis_sources\foto_flash-17-_jpg.rf.c7c68efeef8b03bd19ed449f0f7a8e73.jpg,0,0.000,False
data/raw_mastitis_sources\foto_flash-18-_jpg.rf.9c1e276a0716cb47d31f56850f906e18.jpg,0,0.000,False
data/raw_mastitis_sources\foto_flash-18-_jpg.rf.9e22f45174618a1819ae4067a90997d9.jpg,0,0.000,False
data/raw_mastitis_sources\foto_flash-2-_jpg.rf.50965cdc1ffe0d466b15cbb74783560e.jpg,0,0.000,False
data/raw_mastitis_sources\foto_flash-2-_jpg.rf.68103efdcbd2e4b719859f0015676436.jpg,0,0.000,False
data/raw_mastitis_sources\foto_flash-20-_jpg.rf.314941bcefcf4b0443d12763ab27468c.jpg,0,0.000,False
data/raw_mastitis_sources\foto_flash-20-_jpg.rf.6bb2b5daeaa2ef231fb343f2bd3359ac.jpg,0,0.000,False
data/raw_mastitis_sources\foto_flash-22-_jpg.rf.384d007d959c08c602de16dfcb2159ad.jpg,0,0.000,False
data/raw_mastitis_sources\foto_flash-22-_jpg.rf.d407f92598425c1879418b17c77b7030.jpg,0,0.000,False
data/raw_mastitis_sources\foto_flash-23-_jpg.rf.d851b8629932da5b37b7a0e349482cb6.jpg,1,0.572,True
data/raw_mastitis_sources\foto_flash-23-_jpg.rf.f072f75694ff904aae5452bcb97f0df1.jpg,1,0.657,True
data/raw_mastitis_sources\foto_flash-25-_jpg.rf.0d3794822bac2daaa5e33158829a7a60.jpg,0,0.000,False
data/raw_mastitis_sources\foto_flash-25-_jpg.rf.60974093322a9124c0e32e8bb0ece53b.jpg,0,0.000,False
data/raw_mastitis_sources\foto_flash-27-_jpg.rf.9f1869ba8263a320dceb802e5e2cbe88.jpg,0,0.000,False
data/raw_mastitis_sources\foto_flash-27-_jpg.rf.a49fd1882aaceb74325e58140221739e.jpg,0,0.000,False
data/raw_mastitis_sources\foto_flash-28-_jpg.rf.86c305f7b49011e5de84fa8cfaf1bcca.jpg,0,0.000,False
data/raw_mastitis_sources\foto_flash-28-_jpg.rf.cb5c2b98043d2129c7c84356a32ddc9f.jpg,0,0.000,False
data/raw_mastitis_sources\foto_flash-4-_jpg.rf.120be5144bab8691d2957f9cfae79115.jpg,0,0.000,False
data/raw_mastitis_sources\foto_flash-4-_jpg.rf.3b10d646aeb071a858ab03ce4b47c6d6.jpg,0,0.000,False
data/raw_mastitis_sources\foto_flash-6-_jpg.rf.32cb7e760611758c4ed0f2c99a986624.jpg,0,0.000,False
data/raw_mastitis_sources\foto_flash-6-_jpg.rf.378ae121bfc1444227cb85195c17c253.jpg,0,0.000,False
data/raw_mastitis_sources\foto_flash-7-_jpg.rf.43614369df4cb6a096770ebff0b30f42.jpg,0,0.000,False
data/raw_mastitis_sources\foto_flash-7-_jpg.rf.a1e4b021ef6e8e8a445b456b26a571d3.jpg,0,0.000,False
data/raw_mastitis_sources\foto_flash-9-_jpg.rf.05118acc2627fb10df0d42dff6050c94.jpg,0,0.000,False
data/raw_mastitis_sources\foto_flash-9-_jpg.rf.7b0678b366375ae357f2c31cdd59b11e.jpg,0,0.000,False
data/raw_mastitis_sources\foto_flash_jpg.rf.7bba95ab873538d21326ba6efeee7d21.jpg,0,0.000,False
data/raw_mastitis_sources\foto_flash_jpg.rf.7ce660b4f8f6d825095659913c5f1a44.jpg,0,0.000,False
data/raw_mastitis_sources\frostbite5_preview-e1515281757816-400x284.jpeg,0,0.000,False
data/raw_mastitis_sources\hyp1-e1515373528892-940x1024-1-400x284.jpg,0,0.000,False
data/raw_mastitis_sources\hyp10-e1515373757796-1024x902-1-400x284.jpg,0,0.000,False
data/raw_mastitis_sources\hyp11-e1515373777349-1024x851-1-400x284.jpg,0,0.000,False
data/raw_mastitis_sources\hyp12-e1515373796893-1024x903-1-400x284.jpg,0,0.000,False
data/raw_mastitis_sources\hyp13-e1515373816135-1024x738-1-400x284.jpg,0,0.000,False
data/raw_mastitis_sources\hyp14-e1515373846770-1024x925-1-400x284.jpg,0,0.000,False
data/raw_mastitis_sources\hyp15-e1515373864506-1024x765-1-400x284.jpg,0,0.000,False
data/raw_mastitis_sources\hyp16-e1515373888406-1024x718-1-400x284.jpg,0,0.000,False
data/raw_mastitis_sources\hyp17-e1515373911728-1024x894-1-400x284.jpg,0,0.000,False
data/raw_mastitis_sources\hyp18-e1515373930791-1024x972-1-400x284.jpg,0,0.000,False
data/raw_mastitis_sources\hyp19-e1515373952298-1024x828-1-400x284.jpg,0,0.000,False
data/raw_mastitis_sources\hyp2-e1515373564252-729x1024-1-400x284.jpg,0,0.000,False
data/raw_mastitis_sources\hyp20-e1515373975164-1024x749-1-400x284.jpg,0,0.000,False
data/raw_mastitis_sources\hyp21-e1515374009194-1024x763-1-400x284.jpg,0,0.000,False
data/raw_mastitis_sources\hyp22-e1515374029867-1024x742-1-400x284.jpg,0,0.000,False
data/raw_mastitis_sources\hyp23-e1515374144420-1024x787-1-400x284.jpg,0,0.000,False
data/raw_mastitis_sources\hyp24-e1515374393597-1024x788-1-400x284.jpg,0,0.000,False
data/raw_mastitis_sources\hyp25-1024x683-1-400x284.jpg,0,0.000,False
data/raw_mastitis_sources\hyp3-e1515373586855-1024x864-1-400x284.jpg,0,0.000,False
data/raw_mastitis_sources\hyp4-e1515373603251-1024x688-1-400x284.jpg,0,0.000,False
data/raw_mastitis_sources\hyp5-e1515373631315-1024x893-1-400x284.jpg,0,0.000,False
data/raw_mastitis_sources\hyp6-e1515373652959-1024x855-1-400x284.jpg,0,0.000,False
data/raw_mastitis_sources\hyp7-e1515373678799-1024x799-1-400x284.jpg,0,0.000,False
data/raw_mastitis_sources\hyp8-e1515373705810-1024x765-1-400x284.jpg,0,0.000,False
data/raw_mastitis_sources\hyp9-e1515373723171-1024x924-1-400x284.jpg,0,0.000,False
data/raw_mastitis_sources\normal1-e1515368903681-400x284_jpg.rf.7d726dc337d7e34dd84cfc946207ccf8.jpg,0,0.000,False
data/raw_mastitis_sources\normal1-e1515368903681-400x284_jpg.rf.8b06597eb4eda3d678846930e1b1c948.jpg,0,0.000,False
data/raw_mastitis_sources\normal12-e1515369630614-400x284_jpg.rf.15bc93471b8649914e3828eaa795f3ef.jpg,0,0.000,False
data/raw_mastitis_sources\normal12-e1515369630614-400x284_jpg.rf.1e62a0c90d74efdf02124b004031feed.jpg,0,0.000,False
data/raw_mastitis_sources\normal14-e1515369702798-400x284_jpg.rf.9a9fc41da35ffcb28a421599d22884d5.jpg,0,0.000,False
data/raw_mastitis_sources\normal14-e1515369702798-400x284_jpg.rf.cb17292e02cdc781f9561651666427e4.jpg,0,0.000,False
data/raw_mastitis_sources\normal15-e1515369788421-400x284_jpg.rf.54d8f1151ab86934872cfe229816f4c7.jpg,0,0.000,False
data/raw_mastitis_sources\normal15-e1515369788421-400x284_jpg.rf.df9c6666d60b8d16203821a8f01b657a.jpg,0,0.000,False
data/raw_mastitis_sources\normal16-e1515369863835-400x284_jpg.rf.a2aca7ada7440da5e7e5744ab4da1fb2.jpg,0,0.000,False
data/raw_mastitis_sources\normal16-e1515369863835-400x284_jpg.rf.ce1cba90dfb58e427703311ada622bdb.jpg,0,0.000,False
data/raw_mastitis_sources\normal17-400x284_jpg.rf.d8db7d1f2bb6d940e807fc7e07a7159b.jpg,0,0.000,False
data/raw_mastitis_sources\normal17-400x284_jpg.rf.fc3499ff350d78b454061297b8336e04.jpg,0,0.000,False
data/raw_mastitis_sources\normal2-e1515369386480-400x284_jpg.rf.180fe77229aac1b1cd686cfadc2ea887.jpg,0,0.000,False
data/raw_mastitis_sources\normal2-e1515369386480-400x284_jpg.rf.430aa0c25d4eb5c80fb3545fa0083c37.jpg,0,0.000,False
data/raw_mastitis_sources\normal2-e1515369386480-400x284_jpg.rf.4ab3ed297b94fd5b6f88c000452e0c0f.jpg,0,0.000,False
data/raw_mastitis_sources\normal2-e1515369386480-400x284_jpg.rf.6356074d4f60b4eb98f58f4b7ba161bd.jpg,0,0.000,False
data/raw_mastitis_sources\normal4-e1515369489318-400x284_jpg.rf.80e9bbd2475f122681346c7b136f8628.jpg,0,0.000,False
data/raw_mastitis_sources\normal4-e1515369489318-400x284_jpg.rf.924b7fad9bfc39f671c390002c488a68.jpg,0,0.000,False
data/raw_mastitis_sources\normal5-e1515369559545-400x284_jpg.rf.78ab7848c5a28af91553965d90324f9e.jpg,0,0.000,False
data/raw_mastitis_sources\normal5-e1515369559545-400x284_jpg.rf.7fdac654190cc722a8f869f683e1b4a2.jpg,0,0.000,False
data/raw_mastitis_sources\normal5-e1515369559545-400x284_jpg.rf.f96e14deb1ed5b57cf337dd7054a48d7.jpg,0,0.000,False
data/raw_mastitis_sources\normal5-e1515369559545-400x284_jpg.rf.fde59a0c28e4e823b3cd49bc0d37dd61.jpg,0,0.000,False
data/raw_mastitis_sources\pet-hem2-e1515364540239-400x284.jpg,0,0.000,False
data/raw_mastitis_sources\pet-hem3-e1515364562702-400x284.jpg,0,0.000,False
data/raw_mastitis_sources\pox1-e1515354008404-400x284.jpg,0,0.000,False
data/raw_mastitis_sources\pox2-e1515354088188-400x284.jpg,0,0.000,False
data/raw_mastitis_sources\pox3-e1515354218443-400x284.jpg,0,0.000,False
data/raw_mastitis_sources\pox4-e1515354347181-400x284.jpg,0,0.000,False
data/raw_mastitis_sources\pox5-e1515354512661-400x284.jpg,0,0.000,False
data/raw_mastitis_sources\pox6-e1515355158533-400x284.jpg,0,0.000,False
data/raw_mastitis_sources\pseudo-pox1-e1515356634396-400x284.jpg,0,0.000,False
data/raw_mastitis_sources\red10-e1515364965265-652x1024-1-400x284.jpg,0,0.000,False
data/raw_mastitis_sources\red11-683x1024-1-400x284.jpg,0,0.000,False
data/raw_mastitis_sources\red13-e1515365056736-735x1024-1-400x284.jpg,0,0.000,False
data/raw_mastitis_sources\red14-e1515365078912-1024x756-1-400x284.jpg,0,0.000,False
data/raw_mastitis_sources\red5-e1515364876519-839x1024-1-400x284.jpg,0,0.000,False
data/raw_mastitis_sources\red7-e1515364900556-1024x843-1-400x284.jpg,0,0.000,False
data/raw_mastitis_sources\red8-e1515364929848-1024x997-1-400x284.jpg,0,0.000,False
data/raw_mastitis_sources\ring10-400x284.jpg,0,0.000,False
data/raw_mastitis_sources\ring11-400x284.jpg,0,0.000,False
data/raw_mastitis_sources\ring16-e1515291521268-400x284.jpg,0,0.000,False
data/raw_mastitis_sources\ring16-e1515291521268-400x284_jpg.rf.da826e226df20374007f7c1573b2d732.jpg,0,0.000,False
data/raw_mastitis_sources\ring16-e1515291521268-400x284_jpg.rf.ec233a82acd6ae00a649f114f43ca997.jpg,0,0.000,False
data/raw_mastitis_sources\ring2-400x284.jpg,0,0.000,False
data/raw_mastitis_sources\ring4-400x284.jpg,0,0.000,False
data/raw_mastitis_sources\ring6-400x284.jpg,0,0.000,False
data/raw_mastitis_sources\ring7-400x284.jpg,0,0.000,False
data/raw_mastitis_sources\sehat-1-_jpeg.rf.aede4e8a0961a3ce0e4c693d794b2ca0.jpg,0,0.000,False
data/raw_mastitis_sources\sehat-1-_jpeg.rf.f86b7d5f0c66a6bbd8107d16f6af119c.jpg,0,0.000,False
data/raw_mastitis_sources\sehat-1-_jpg.rf.9523c714979e322ed9591601b8f53627.jpg,0,0.000,False
data/raw_mastitis_sources\sehat-1-_jpg.rf.d97521d6e3fc81ca7d3aa1af83bd3bd3.jpg,0,0.000,False
data/raw_mastitis_sources\sehat-1-_png.rf.10eea0d1346a1f51f4ced04da24be300.jpg,0,0.000,False
data/raw_mastitis_sources\sehat-1-_png.rf.282b7c3692e8e67e10f67fef5e0bbc3d.jpg,0,0.000,False
data/raw_mastitis_sources\sehat-10-_jpg.rf.5aa67d51ce46a71202000c55b6c6722c.jpg,0,0.000,False
data/raw_mastitis_sources\sehat-10-_jpg.rf.b6b9cdb53b0c56f58f2fb744f941f2a8.jpg,0,0.000,False
data/raw_mastitis_sources\sehat-100-_jpg.rf.392281d4e3ff8880aff034552e8b483a.jpg,0,0.000,False
data/raw_mastitis_sources\sehat-100-_jpg.rf.d2633abfe94efc18f4257587295eea09.jpg,0,0.000,False
data/raw_mastitis_sources\sehat-101-_jpg.rf.474de4c56342738b67a5086035269a05.jpg,0,0.000,False
data/raw_mastitis_sources\sehat-101-_jpg.rf.cffd1cf5528eaf514a36c1f4907dc73d.jpg,0,0.000,False
data/raw_mastitis_sources\sehat-102-_jpg.rf.1c10cee2fbbb61f57ae7e186f6d2e475.jpg,0,0.000,False
data/raw_mastitis_sources\sehat-102-_jpg.rf.d1e308ebd843b7bddd946cef16475443.jpg,0,0.000,False
data/raw_mastitis_sources\sehat-103-_jpg.rf.7ce758c295d850cd6f3ea9e6d31ee2e3.jpg,0,0.000,False
data/raw_mastitis_sources\sehat-103-_jpg.rf.91e998468c8baa533995f357d08dcabc.jpg,0,0.000,False
data/raw_mastitis_sources\sehat-104-_jpg.rf.2c02e145f1ba8ec9dfce244d767a3fcd.jpg,0,0.000,False
data/raw_mastitis_sources\sehat-104-_jpg.rf.7bcb1dc3462e11c1d35192643f8b37a9.jpg,0,0.000,False
data/raw_mastitis_sources\sehat-105-_jpg.rf.3a74ba8f81b5e5fdc7b8ce46799a435d.jpg,0,0.000,False
data/raw_mastitis_sources\sehat-105-_jpg.rf.e1e3e4c658cbd47114b662defded5c4f.jpg,0,0.000,False
data/raw_mastitis_sources\sehat-106-_jpg.rf.2ea13735c5e2c8b8f2ce8c12bfa8c109.jpg,0,0.000,False
data/raw_mastitis_sources\sehat-106-_jpg.rf.3e6d82d06b3eda0c000a26e69da46c52.jpg,0,0.000,False
data/raw_mastitis_sources\sehat-107-_jpg.rf.27c8c828d1d260b176ab116d186ad999.jpg,0,0.000,False
data/raw_mastitis_sources\sehat-107-_jpg.rf.d4e0371c241f4ef5343208f7e64c4e6f.jpg,0,0.000,False
data/raw_mastitis_sources\sehat-108-_jpg.rf.f116edd46ca58ffe4659dcc4ca9c75ba.jpg,0,0.000,False
data/raw_mastitis_sources\sehat-108-_jpg.rf.fcb7881646ca7d97d667d4265da57b2c.jpg,0,0.000,False
data/raw_mastitis_sources\sehat-109-_jpg.rf.144ab9f307fe3962d2f5eb776bd19e02.jpg,0,0.000,False
data/raw_mastitis_sources\sehat-109-_jpg.rf.34457fcb2868c538b1a96f048835bd0f.jpg,0,0.000,False
data/raw_mastitis_sources\sehat-11-_jpg.rf.9a9d8eab31c38ec143f8c33b41b854c7.jpg,0,0.000,False
data/raw_mastitis_sources\sehat-11-_jpg.rf.fcc002125f7b5ff1e6239a452a9c81d1.jpg,0,0.000,False
data/raw_mastitis_sources\sehat-110-_jpg.rf.07adff6a8d713c2c7b787611f88a1310.jpg,0,0.000,False
data/raw_mastitis_sources\sehat-110-_jpg.rf.f262e6c23f05a170cc2eea354d49240c.jpg,0,0.000,False
data/raw_mastitis_sources\sehat-111-_jpg.rf.489fd14e34386fd1510944a49395b72b.jpg,0,0.000,False
data/raw_mastitis_sources\sehat-111-_jpg.rf.fd3cf2ba0c3da8a56986e69d1ed2bd49.jpg,0,0.000,False
data/raw_mastitis_sources\sehat-112-_jpg.rf.6f21e60efb6a7c991b2dd5d5975e0037.jpg,0,0.000,False
data/raw_mastitis_sources\sehat-112-_jpg.rf.c3bc67c7ff08dadd7f05c40d0fcb6633.jpg,0,0.000,False
data/raw_mastitis_sources\sehat-113-_jpg.rf.376cd3b4fc3d4d7af1b0a0daae8c1022.jpg,0,0.000,False
data/raw_mastitis_sources\sehat-113-_jpg.rf.fa99453e2965e993fd4e0497624c9bd3.jpg,0,0.000,False
data/raw_mastitis_sources\sehat-114-_jpg.rf.6177ad939362290d25c5eb14e81d02b4.jpg,0,0.000,False
data/raw_mastitis_sources\sehat-114-_jpg.rf.726eedf81f7a29d4f4362ed5b4bbc984.jpg,0,0.000,False
data/raw_mastitis_sources\sehat-115-_jpg.rf.6d422a0f1caf03efc2129e8ed4a4412c.jpg,0,0.000,False
data/raw_mastitis_sources\sehat-115-_jpg.rf.6fcff7afb26eb8b04045a6b7d28dc5c3.jpg,0,0.000,False
data/raw_mastitis_sources\sehat-116-_jpg.rf.46a924f4aa7fa3fb7f76a98c8a9c22fb.jpg,0,0.000,False
data/raw_mastitis_sources\sehat-116-_jpg.rf.ebd61f1bf3b7ef90a3b3ba08ec971616.jpg,0,0.000,False
data/raw_mastitis_sources\sehat-117-_jpg.rf.626465ce16e2dbe0f6c79bab6c3cf924.jpg,0,0.000,False
data/raw_mastitis_sources\sehat-117-_jpg.rf.9f99224afc9fa1879dbbe641fdb6a56d.jpg,0,0.000,False
data/raw_mastitis_sources\sehat-118-_jpg.rf.28714a6c12873aace4bc57d0da75be69.jpg,0,0.000,False
data/raw_mastitis_sources\sehat-118-_jpg.rf.2fe7f55b92bd078fc5d395bb926a484d.jpg,0,0.000,False
data/raw_mastitis_sources\sehat-119-_jpg.rf.24cdb431fe7719c09ed600514cb07e77.jpg,0,0.000,False
data/raw_mastitis_sources\sehat-119-_jpg.rf.a76cd8ef260f5aeb7c3f015379c963e6.jpg,0,0.000,False
data/raw_mastitis_sources\sehat-12-_jpg.rf.3f078d829d1452be6f29929bb6d239f9.jpg,0,0.000,False
data/raw_mastitis_sources\sehat-12-_jpg.rf.61e442e6ea901ae33dc437be5945a20b.jpg,0,0.000,False
data/raw_mastitis_sources\sehat-120-_jpg.rf.1639848190e9d4da748f5823943f2cde.jpg,0,0.000,False
data/raw_mastitis_sources\sehat-120-_jpg.rf.e828f0da4f78582feb4df67db622c574.jpg,0,0.000,False
data/raw_mastitis_sources\sehat-121-_jpg.rf.1e84003f64d980e9680056567ced1d1e.jpg,0,0.000,False
data/raw_mastitis_sources\sehat-121-_jpg.rf.20a923c1163b0299604c4abac4366996.jpg,0,0.000,False
data/raw_mastitis_sources\sehat-122-_jpg.rf.863f8edc12c934015aade78d860c565f.jpg,0,0.000,False
data/raw_mastitis_sources\sehat-122-_jpg.rf.e6fa126fa00ad8538ce6a416b664c8a5.jpg,0,0.000,False
data/raw_mastitis_sources\sehat-123-_jpg.rf.8ef080b06321a1125ac5170d76902157.jpg,0,0.000,False
data/raw_mastitis_sources\sehat-123-_jpg.rf.94519e2939f79bc3154253b11634d59f.jpg,0,0.000,False
data/raw_mastitis_sources\sehat-124-_jpg.rf.125d3d984dd0683ab96690aa914073a7.jpg,0,0.000,False
data/raw_mastitis_sources\sehat-124-_jpg.rf.65a5e8bec9e92dd5425ccbcdf1a3915e.jpg,0,0.000,False
data/raw_mastitis_sources\sehat-125-_jpg.rf.0352349a095e9e29ab2a9a88c9d33764.jpg,0,0.000,False
data/raw_mastitis_sources\sehat-125-_jpg.rf.8def11fbcf1321352d9af605d50b3c74.jpg,0,0.000,False
data/raw_mastitis_sources\sehat-126-_jpg.rf.265c5dc08b0b0b28dda1dfd0d047d7b0.jpg,0,0.000,False
data/raw_mastitis_sources\sehat-126-_jpg.rf.eb63f0b70da937c5151ff59d8810cab6.jpg,0,0.000,False
data/raw_mastitis_sources\sehat-127-_jpg.rf.c08dde6fb3156c4654228552741cad16.jpg,0,0.000,False
data/raw_mastitis_sources\sehat-127-_jpg.rf.e3388225c81f64e954815c7d49388875.jpg,0,0.000,False
data/raw_mastitis_sources\sehat-128-_jpg.rf.2e2b06a929161f3bdf5b3ef40a7734e1.jpg,0,0.000,False
data/raw_mastitis_sources\sehat-128-_jpg.rf.b2f84e893eb024e4da4b2ae5c7bc204d.jpg,0,0.000,False
data/raw_mastitis_sources\sehat-129-_jpg.rf.1b3d32935dc57443dd558033625a486b.jpg,0,0.000,False
data/raw_mastitis_sources\sehat-129-_jpg.rf.c1f174f62d7c87a0be9c4ec2637753ef.jpg,0,0.000,False
data/raw_mastitis_sources\sehat-13-_jpg.rf.31808534f98c3e6e6ba0998036bb327c.jpg,0,0.000,False
data/raw_mastitis_sources\sehat-13-_jpg.rf.db547387af6111a3794b683fef3fc59b.jpg,0,0.000,False
data/raw_mastitis_sources\sehat-130-_jpg.rf.3ce4aa049cef78cb7b343eb2325efbcb.jpg,0,0.000,False
data/raw_mastitis_sources\sehat-130-_jpg.rf.88dac7122c5a7d4bb54e9ac446a11ed6.jpg,0,0.000,False
data/raw_mastitis_sources\sehat-131-_jpg.rf.6dc25bd04480abee03aefcdf0f7c0426.jpg,0,0.000,False
data/raw_mastitis_sources\sehat-131-_jpg.rf.ae658c48d1bcddca76db9ad468b44c7b.jpg,0,0.000,False
data/raw_mastitis_sources\sehat-132-_jpg.rf.04c24fde417f821a7b03e9ad94cec228.jpg,0,0.000,False
data/raw_mastitis_sources\sehat-132-_jpg.rf.7d52c7bac5dccbb03a668bf206aebab4.jpg,0,0.000,False
data/raw_mastitis_sources\sehat-133-_jpg.rf.0e46d3390f549d2a1f3d2aa11f30c1fd.jpg,0,0.000,False
data/raw_mastitis_sources\sehat-133-_jpg.rf.7a81651abf62f3ed2f55fffc62d4eea6.jpg,0,0.000,False
data/raw_mastitis_sources\sehat-134-_jpg.rf.3220ca6531bf4e6742936c137a6b67c7.jpg,0,0.000,False
data/raw_mastitis_sources\sehat-134-_jpg.rf.d196b2446b028b75db61ac8e1810cef5.jpg,0,0.000,False
data/raw_mastitis_sources\sehat-135-_jpg.rf.17b11b916c40871a74814acff405f0fb.jpg,0,0.000,False
data/raw_mastitis_sources\sehat-135-_jpg.rf.e24e06442e77e35ba0f5cbaf7befc94c.jpg,0,0.000,False
data/raw_mastitis_sources\sehat-136-_jpg.rf.1b9063ad9dfb6d6b9c62b6138a19bcf0.jpg,0,0.000,False
data/raw_mastitis_sources\sehat-136-_jpg.rf.8d38b3c38d303ff28b83a6cf1a0885c7.jpg,0,0.000,False
data/raw_mastitis_sources\sehat-137-_jpg.rf.1741c19619102018112a56172c32388c.jpg,0,0.000,False
data/raw_mastitis_sources\sehat-137-_jpg.rf.e1c971e2fca8f85078285d07042d3e46.jpg,0,0.000,False
data/raw_mastitis_sources\sehat-138-_jpg.rf.708e3da8786fcf238b79e9b6084bd405.jpg,0,0.000,False
data/raw_mastitis_sources\sehat-138-_jpg.rf.d4fc6f4e0e615df17debeffa858fc3f1.jpg,0,0.000,False
data/raw_mastitis_sources\sehat-139-_jpg.rf.887a25f83bdaa207f99f8636b97c2b6c.jpg,0,0.000,False
data/raw_mastitis_sources\sehat-139-_jpg.rf.fca990402cb2bfb7fd59e0de9e9e4ddd.jpg,0,0.000,False
data/raw_mastitis_sources\sehat-14-_jpg.rf.19c4c3b9d4b184ee7bc395abad4cb619.jpg,0,0.000,False
data/raw_mastitis_sources\sehat-14-_jpg.rf.e51da10e07dd956da17648a5238c03bf.jpg,0,0.000,False
data/raw_mastitis_sources\sehat-141-_jpg.rf.67de4b89a2fce3da7a9736ea655195f3.jpg,0,0.000,False
data/raw_mastitis_sources\sehat-141-_jpg.rf.d255c2ccac04f57e842dddb03c78054a.jpg,0,0.000,False
data/raw_mastitis_sources\sehat-143-_jpg.rf.20f04e2b84c9c95d99a1d0b4ffe26752.jpg,0,0.000,False
data/raw_mastitis_sources\sehat-143-_jpg.rf.e977e9c22732e7e5a07d1d54cdb12573.jpg,0,0.000,False
data/raw_mastitis_sources\sehat-144-_jpg.rf.6342aa63ba4e24295820f191a5c18105.jpg,0,0.000,False
data/raw_mastitis_sources\sehat-144-_jpg.rf.d75536ef5b47f67a2dc2d2ad6cf2e245.jpg,0,0.000,False
data/raw_mastitis_sources\sehat-145-_jpg.rf.8a003867ace3d383e4f0cd22687cb2bb.jpg,0,0.000,False
data/raw_mastitis_sources\sehat-145-_jpg.rf.8f6f85d486f8920125ecebbb9d8eb81e.jpg,0,0.000,False
data/raw_mastitis_sources\sehat-146-_jpg.rf.0d874eca90d691bac18bda87d720c5ec.jpg,0,0.000,False
data/raw_mastitis_sources\sehat-146-_jpg.rf.265d4b1466e53bd0670215158b4a498a.jpg,0,0.000,False
data/raw_mastitis_sources\sehat-147-_jpg.rf.1add6764f311f946f85eb4ee05a14b10.jpg,0,0.000,False
data/raw_mastitis_sources\sehat-147-_jpg.rf.532cecf81c1ff668df251fc046bbc75f.jpg,0,0.000,False
data/raw_mastitis_sources\sehat-148-_jpg.rf.9607e495053a62bdfdfa9376c043aba8.jpg,0,0.000,False
data/raw_mastitis_sources\sehat-148-_jpg.rf.a63d0b6cf4d98602fba50672e88b4e53.jpg,0,0.000,False
data/raw_mastitis_sources\sehat-149-_jpg.rf.3bdb3073231fac228cab88b4f851b00e.jpg,0,0.000,False
data/raw_mastitis_sources\sehat-149-_jpg.rf.9f1522f5bc029cad7b3e30d447f243a0.jpg,0,0.000,False
data/raw_mastitis_sources\sehat-15-_jpg.rf.c5aad0e15aa4e2289fe811bfa401ea37.jpg,0,0.000,False
data/raw_mastitis_sources\sehat-15-_jpg.rf.d08ce42edabe8d7844d05d42bc4bfba5.jpg,0,0.000,False
data/raw_mastitis_sources\sehat-150-_jpg.rf.35480cf0ce773ad02cba1011acc870bd.jpg,1,0.923,True
data/raw_mastitis_sources\sehat-150-_jpg.rf.d4d9918ddd2ccfcb37a6189a75d57d31.jpg,0,0.000,False
data/raw_mastitis_sources\sehat-151-_jpg.rf.a60677ffff55c27c0ae9c87f33b570b1.jpg,0,0.000,False
data/raw_mastitis_sources\sehat-151-_jpg.rf.e172e47c820e23e834c6c2d5ee8727d6.jpg,0,0.000,False
data/raw_mastitis_sources\sehat-153-_jpg.rf.11a9719d8efc9c2463d75109ee086186.jpg,0,0.000,False
data/raw_mastitis_sources\sehat-153-_jpg.rf.f51ca1b1e0e80268cf5c5775ae3f03fe.jpg,0,0.000,False
data/raw_mastitis_sources\sehat-155-_jpg.rf.12abc658a943e7ccff7dc037b7d99556.jpg,0,0.000,False
data/raw_mastitis_sources\sehat-155-_jpg.rf.c9d62e8135a85c1e2b703e8af3c403bf.jpg,0,0.000,False
data/raw_mastitis_sources\sehat-156-_jpg.rf.5eb39d95d2ef51f8f449934d736531b7.jpg,0,0.000,False
data/raw_mastitis_sources\sehat-156-_jpg.rf.a5857838ce2dbab7cbad641c20722cd5.jpg,0,0.000,False
data/raw_mastitis_sources\sehat-157-_jpg.rf.719093bc90af83e4f13b72a77431c7d7.jpg,0,0.000,False
data/raw_mastitis_sources\sehat-157-_jpg.rf.dcf741e079ea26b4dbfeb6fa68daa513.jpg,0,0.000,False
data/raw_mastitis_sources\sehat-158-_jpg.rf.a56776b63f20fdd7e62d719975d64dca.jpg,0,0.000,False
data/raw_mastitis_sources\sehat-158-_jpg.rf.e9f52fbc86d658c48931293fd3b88b48.jpg,0,0.000,False
data/raw_mastitis_sources\sehat-159-_jpg.rf.434d96e05719f373b1a3c5a014e165a9.jpg,0,0.000,False
data/raw_mastitis_sources\sehat-159-_jpg.rf.ff9e919f2e871532f41c9ce2f26986cf.jpg,0,0.000,False
data/raw_mastitis_sources\sehat-16-_jpg.rf.47247663f4ed4ae2bd7709563bb73972.jpg,0,0.000,False
data/raw_mastitis_sources\sehat-16-_jpg.rf.bdf0800afe380585b06ee96bed432f05.jpg,0,0.000,False
data/raw_mastitis_sources\sehat-160-_jpg.rf.0195bb771d0a52a95a45037b041bd957.jpg,0,0.000,False
data/raw_mastitis_sources\sehat-160-_jpg.rf.2883b33e967fd065267a3d4c3586c1e9.jpg,0,0.000,False
data/raw_mastitis_sources\sehat-161-_jpg.rf.6078adc439bb1382d44098df9fc424c8.jpg,0,0.000,False
data/raw_mastitis_sources\sehat-161-_jpg.rf.71d3dbc70394d7c25e736f50ec1f5631.jpg,0,0.000,False
data/raw_mastitis_sources\sehat-163-_jpg.rf.4236d7cb812263213bddca362b1277f4.jpg,0,0.000,False
data/raw_mastitis_sources\sehat-163-_jpg.rf.fcdea7f7e683c075d2593b4a28197c3d.jpg,0,0.000,False
data/raw_mastitis_sources\sehat-164-_jpg.rf.647fbaeea9f6788179a004534c67df92.jpg,0,0.000,False
data/raw_mastitis_sources\sehat-164-_jpg.rf.bc6edafa01ca1cca98f37f89f2b6cdee.jpg,0,0.000,False
data/raw_mastitis_sources\sehat-165-_jpg.rf.7b28f85263939337d531cf8e476989ea.jpg,0,0.000,False
data/raw_mastitis_sources\sehat-165-_jpg.rf.ff92d0f46cb9f48ce750be8dfd85203e.jpg,0,0.000,False
data/raw_mastitis_sources\sehat-166-_jpg.rf.8c0f3ed679a4a1457c2cd0fec81c91e0.jpg,0,0.000,False
data/raw_mastitis_sources\sehat-166-_jpg.rf.bae9b871dbf359e4b6f85073d9123162.jpg,0,0.000,False
data/raw_mastitis_sources\sehat-167-_jpg.rf.8bbb167e81d8dba20c3eea7574fcba57.jpg,0,0.000,False
data/raw_mastitis_sources\sehat-167-_jpg.rf.925c55d7a0f2f1f45fd4aafd9aa11264.jpg,0,0.000,False
data/raw_mastitis_sources\sehat-168-_jpg.rf.44436da7b14847d5dd6e4bd801ebb516.jpg,0,0.000,False
data/raw_mastitis_sources\sehat-168-_jpg.rf.bf2114dff2bc5c11bf34ed161101a7cb.jpg,0,0.000,False
data/raw_mastitis_sources\sehat-169-_jpg.rf.9d3b5c52fccfadf9432c70ef5d32a91a.jpg,0,0.000,False
data/raw_mastitis_sources\sehat-169-_jpg.rf.f3383d82369dbdc34775690c2d13af1c.jpg,0,0.000,False
data/raw_mastitis_sources\sehat-17-_jpg.rf.a9a30ed07c8a0515e6393c8b5e421220.jpg,0,0.000,False
data/raw_mastitis_sources\sehat-17-_jpg.rf.de1c424216136e389005f55072c21f89.jpg,0,0.000,False
data/raw_mastitis_sources\sehat-170-_jpg.rf.9daa990a7d85b6e4cb9ce3bc456482e6.jpg,0,0.000,False
data/raw_mastitis_sources\sehat-170-_jpg.rf.d55543d361aaa8992398ac733fe31102.jpg,0,0.000,False
data/raw_mastitis_sources\sehat-171-_jpg.rf.6506d602412cb01df006fa53c05b3bd5.jpg,0,0.000,False
data/raw_mastitis_sources\sehat-171-_jpg.rf.8612381b58518a8330ff1ede82e4b834.jpg,0,0.000,False
data/raw_mastitis_sources\sehat-172-_jpg.rf.a09aaf3bd1d1305fd443b7025e3e9092.jpg,0,0.000,False
data/raw_mastitis_sources\sehat-172-_jpg.rf.b86ffda295a39cfb0e7ef5d7f6b132fb.jpg,0,0.000,False
data/raw_mastitis_sources\sehat-173-_jpg.rf.c3f9799eaaa20f5e194cbff53c26d1dd.jpg,0,0.000,False
data/raw_mastitis_sources\sehat-173-_jpg.rf.c66d7de831600fede0c639eb8bf6091b.jpg,0,0.000,False
data/raw_mastitis_sources\sehat-174-_jpg.rf.3d5c50776ebdc7fb70f7f583cd353a26.jpg,0,0.000,False
data/raw_mastitis_sources\sehat-174-_jpg.rf.7126b5d54bddf7201eb4426d23891846.jpg,0,0.000,False
data/raw_mastitis_sources\sehat-175-_jpg.rf.77cc8f082948ba5d8f80d6d3584b7004.jpg,0,0.000,False
data/raw_mastitis_sources\sehat-175-_jpg.rf.c1cd55cf1fad5bdb7b5108a8bb8998c3.jpg,0,0.000,False
data/raw_mastitis_sources\sehat-176-_jpg.rf.7938d3a0e2b5b6f9dc960bc6d0b711a3.jpg,0,0.000,False
data/raw_mastitis_sources\sehat-176-_jpg.rf.e470cc3a439a8fcb1f5ee8f9881401eb.jpg,0,0.000,False
data/raw_mastitis_sources\sehat-177-_jpg.rf.434187c9ad894eab3372dffad452ef5e.jpg,0,0.000,False
data/raw_mastitis_sources\sehat-177-_jpg.rf.97fb7c445a1a02594e181660975913ee.jpg,0,0.000,False
data/raw_mastitis_sources\sehat-178-_jpg.rf.2dff6bca3aaf49ac557398835436d0b9.jpg,0,0.000,False
data/raw_mastitis_sources\sehat-178-_jpg.rf.a9d5ebe63b9e8d296945da34afc99d44.jpg,0,0.000,False
data/raw_mastitis_sources\sehat-179-_jpg.rf.2eed98603f2badf19f5e5457847450cd.jpg,0,0.000,False
data/raw_mastitis_sources\sehat-179-_jpg.rf.6e0969b06447cc48b14b18c212a3c8e8.jpg,0,0.000,False
data/raw_mastitis_sources\sehat-18-_jpg.rf.cadd8a5b4dcd16cb098684377dc21a87.jpg,0,0.000,False
data/raw_mastitis_sources\sehat-18-_jpg.rf.dc57494935441ba4fe94b4b9659b5145.jpg,0,0.000,False
data/raw_mastitis_sources\sehat-180-_jpg.rf.47786d32700341d53ea5f7e3cd88f40f.jpg,0,0.000,False
data/raw_mastitis_sources\sehat-180-_jpg.rf.95b5f159f0b97586e2f9d224e73a72f0.jpg,0,0.000,False
data/raw_mastitis_sources\sehat-181-_jpg.rf.0f699bd7334a34e6326f211e44a5ec88.jpg,0,0.000,False
data/raw_mastitis_sources\sehat-181-_jpg.rf.669743ecd4093cf9305d999662672c8c.jpg,0,0.000,False
data/raw_mastitis_sources\sehat-182-_jpg.rf.04c8666403520c154506ae7f73902e2e.jpg,0,0.000,False
data/raw_mastitis_sources\sehat-182-_jpg.rf.cd73d0fa920096850752925765f48de0.jpg,0,0.000,False
data/raw_mastitis_sources\sehat-183-_jpg.rf.805e6819539f433c060686467d59feb1.jpg,0,0.000,False
data/raw_mastitis_sources\sehat-183-_jpg.rf.9b4b3951458d4fe73f73858eeb549409.jpg,0,0.000,False
data/raw_mastitis_sources\sehat-184-_jpg.rf.9f3451a9327a2b72c545660aae2d7b56.jpg,0,0.000,False
data/raw_mastitis_sources\sehat-184-_jpg.rf.af79d7dbdc33255cedd3ad2e2a4c6348.jpg,0,0.000,False
data/raw_mastitis_sources\sehat-185-_jpg.rf.19863098cee3552f7f241f783001506f.jpg,0,0.000,False
data/raw_mastitis_sources\sehat-185-_jpg.rf.afe5e60af759eb0bcb402bf713b40c51.jpg,0,0.000,False
data/raw_mastitis_sources\sehat-187-_jpg.rf.b3e034a94ec54bcf06f56bcdcd632d8e.jpg,0,0.000,False
data/raw_mastitis_sources\sehat-187-_jpg.rf.c9f9d3400464f844554dd6ec0505f256.jpg,0,0.000,False
data/raw_mastitis_sources\sehat-188-_jpg.rf.3e409c08003d9648cf6124f05d9341ca.jpg,0,0.000,False
data/raw_mastitis_sources\sehat-188-_jpg.rf.8e37eaaf02f4d9cc6cce0fccd7a60be1.jpg,0,0.000,False
data/raw_mastitis_sources\sehat-189-_jpg.rf.404c90afd8904d799ee16541124b4ed8.jpg,0,0.000,False
data/raw_mastitis_sources\sehat-189-_jpg.rf.fbd3b2c31c96c55ac366b16342e2e9f2.jpg,0,0.000,False
data/raw_mastitis_sources\sehat-19-_jpg.rf.34f85ff57c68fb3889152eba4039b581.jpg,0,0.000,False
data/raw_mastitis_sources\sehat-19-_jpg.rf.4423aafbb0997180d17db7be5baea7c0.jpg,0,0.000,False
data/raw_mastitis_sources\sehat-190-_jpg.rf.a6f8df3289690713dde4107dde780239.jpg,0,0.000,False
data/raw_mastitis_sources\sehat-190-_jpg.rf.d3ae421af5adff267fb07d465c5462fc.jpg,0,0.000,False
data/raw_mastitis_sources\sehat-192-_jpg.rf.b326994b1f3a5b0fe051084614889f11.jpg,0,0.000,False
data/raw_mastitis_sources\sehat-192-_jpg.rf.f5812ee240d47ef7bedc80f1d35d5c4c.jpg,0,0.000,False
data/raw_mastitis_sources\sehat-193-_jpg.rf.2c3232a97ba116502688308eab518642.jpg,0,0.000,False
data/raw_mastitis_sources\sehat-193-_jpg.rf.cc8e216cef5a5e3db9996f57b0fa6d2f.jpg,0,0.000,False
data/raw_mastitis_sources\sehat-194-_jpg.rf.06a63c2f1c736400b8bf96b17fbd152c.jpg,0,0.000,False
data/raw_mastitis_sources\sehat-194-_jpg.rf.735910e4391a0e5191cc952be7942bd2.jpg,0,0.000,False
data/raw_mastitis_sources\sehat-195-_jpg.rf.b56e784d741fbde6296b207d197be5c8.jpg,0,0.000,False
data/raw_mastitis_sources\sehat-195-_jpg.rf.fd69f2e9cd6807aaef81a2e1a0d5680b.jpg,0,0.000,False
data/raw_mastitis_sources\sehat-196-_jpg.rf.34ced37e712fcb318b4b6b4f1905b177.jpg,0,0.000,False
data/raw_mastitis_sources\sehat-196-_jpg.rf.ea2799fe070f45020376849694024ba9.jpg,0,0.000,False
data/raw_mastitis_sources\sehat-197-_jpg.rf.4d143a48aa54c979db4457f67373c6af.jpg,0,0.000,False
data/raw_mastitis_sources\sehat-197-_jpg.rf.d7a9627d1009812e46eb6fdc1afea5a7.jpg,0,0.000,False
data/raw_mastitis_sources\sehat-198-_jpg.rf.18f2a8648541ed3578580c2e4c44d91a.jpg,0,0.000,False
data/raw_mastitis_sources\sehat-198-_jpg.rf.f7e581731d8e22bfde996442d0c32546.jpg,0,0.000,False
data/raw_mastitis_sources\sehat-199-_jpg.rf.13d8ecd86b54b6fe1714cb34ec02196c.jpg,0,0.000,False
data/raw_mastitis_sources\sehat-199-_jpg.rf.71acf090ba5afd0b56e93e18a68ca046.jpg,0,0.000,False
data/raw_mastitis_sources\sehat-2-_jpeg.rf.2a8fac58e2f0a815f0bdd41fac488b16.jpg,0,0.000,False
data/raw_mastitis_sources\sehat-2-_jpeg.rf.c554b2fb9826827e22de3e8b03207725.jpg,0,0.000,False
data/raw_mastitis_sources\sehat-2-_jpg.rf.43ec965248018a9a108741114d94d500.jpg,0,0.000,False
data/raw_mastitis_sources\sehat-2-_jpg.rf.626a09a91df0a1f53c2897ab1b4ca487.jpg,0,0.000,False
data/raw_mastitis_sources\sehat-2-_png.rf.4cb4349c079af3d97f06da3cd2177728.jpg,0,0.000,False
data/raw_mastitis_sources\sehat-2-_png.rf.ee32835917324e209a2271828859a163.jpg,0,0.000,False
data/raw_mastitis_sources\sehat-20-_jpg.rf.0daa0f476c0ded94dd70c2b0cc82a2ba.jpg,0,0.000,False
data/raw_mastitis_sources\sehat-20-_jpg.rf.48e372b0bfcdc46dfe32569199fd3e5c.jpg,0,0.000,False
data/raw_mastitis_sources\sehat-200-_jpg.rf.d7ff694376b3e6c0d0d52bee0107219e.jpg,0,0.000,False
data/raw_mastitis_sources\sehat-200-_jpg.rf.e829f280e4dadbcaba10e966b0dbdd87.jpg,0,0.000,False
data/raw_mastitis_sources\sehat-202-_jpg.rf.374c72950b97b98fa920803602e09b2f.jpg,0,0.000,False
data/raw_mastitis_sources\sehat-202-_jpg.rf.cb3f5d85b1b22250c720e89cb4ff4355.jpg,0,0.000,False
data/raw_mastitis_sources\sehat-203-_jpg.rf.b56e3859e8abe9ec310c0f3d52697b66.jpg,0,0.000,False
data/raw_mastitis_sources\sehat-203-_jpg.rf.b80c86012eb44b9fee7015d1b1cb0d70.jpg,0,0.000,False
data/raw_mastitis_sources\sehat-204-_jpg.rf.013040ee1db881d0b6c54e70655808c1.jpg,0,0.000,False
data/raw_mastitis_sources\sehat-204-_jpg.rf.aa4b924284b5919fab54e1803cb53420.jpg,0,0.000,False
data/raw_mastitis_sources\sehat-208-_jpg.rf.b9a763151439d4237bd5383f50435df6.jpg,0,0.000,False
data/raw_mastitis_sources\sehat-208-_jpg.rf.e92244bdce46de536f233b6e0828aefa.jpg,0,0.000,False
data/raw_mastitis_sources\sehat-209-_jpg.rf.14c8f1e4f70c591bfe918927e24acf55.jpg,0,0.000,False
data/raw_mastitis_sources\sehat-209-_jpg.rf.3f3a265e5ac27d032c0dc1972f269a14.jpg,0,0.000,False
data/raw_mastitis_sources\sehat-21-_jpg.rf.0e08cadf707a3e9c7823166c1c59d018.jpg,0,0.000,False
data/raw_mastitis_sources\sehat-21-_jpg.rf.5de6d92d2fd34a0e3d280b266af809dc.jpg,0,0.000,False
data/raw_mastitis_sources\sehat-210-_jpg.rf.1715ef294728aa56edb406e79d1168de.jpg,0,0.000,False
data/raw_mastitis_sources\sehat-210-_jpg.rf.af73f08ab53fdcae8c25ac132793ae60.jpg,0,0.000,False
data/raw_mastitis_sources\sehat-211-_jpg.rf.504a5f45b5e7f16d46cfa50888e712cb.jpg,1,0.780,True
data/raw_mastitis_sources\sehat-211-_jpg.rf.f472dfbc96b7a913e060c7c945698591.jpg,0,0.000,False
data/raw_mastitis_sources\sehat-213-_jpg.rf.55339a3008304060549e662eb7bdab86.jpg,0,0.000,False
data/raw_mastitis_sources\sehat-213-_jpg.rf.afd9b98f21616c6a35387c601ac4adbb.jpg,0,0.000,False
data/raw_mastitis_sources\sehat-214-_jpg.rf.68a42d88c6bb0ae1477f3e6e3ebdbc0c.jpg,0,0.000,False
data/raw_mastitis_sources\sehat-214-_jpg.rf.dfc221e1af1ae13a1f6d28ef2d60557c.jpg,0,0.000,False
data/raw_mastitis_sources\sehat-22-_jpg.rf.a8b91fa4e0304eb257ac07c855891a5d.jpg,0,0.000,False
data/raw_mastitis_sources\sehat-22-_jpg.rf.cdcd6e8c3ada4e19d20ab37af9a96e26.jpg,0,0.000,False
data/raw_mastitis_sources\sehat-23-_jpg.rf.526044e2536740df72821104cedd8f9b.jpg,0,0.000,False
data/raw_mastitis_sources\sehat-23-_jpg.rf.7d8569718dabc49ff851a6d96424369e.jpg,0,0.000,False
data/raw_mastitis_sources\sehat-24-_jpg.rf.09f1adb8f39b5a11563a881c37421dfd.jpg,0,0.000,False
data/raw_mastitis_sources\sehat-24-_jpg.rf.e25c333f458720b686ef52058b169fba.jpg,0,0.000,False
data/raw_mastitis_sources\sehat-25-_jpg.rf.50a61da87879fbe966955074c26134a2.jpg,0,0.000,False
data/raw_mastitis_sources\sehat-25-_jpg.rf.7d9d308fbd46216bfb4fa29e45184b7f.jpg,0,0.000,False
data/raw_mastitis_sources\sehat-26-_jpg.rf.082a5a673a546c1cd5bac6316d82e713.jpg,0,0.000,False
data/raw_mastitis_sources\sehat-26-_jpg.rf.bdd8ec45d4be7341ff3fd3e25419162c.jpg,0,0.000,False
data/raw_mastitis_sources\sehat-27-_jpg.rf.6c99be609d2c306fb8cc0dd458439d55.jpg,0,0.000,False
data/raw_mastitis_sources\sehat-27-_jpg.rf.c1e74bf0eda0a101817de1d9e8901de3.jpg,0,0.000,False
data/raw_mastitis_sources\sehat-28-_jpg.rf.148cccc825001771ce100e8971b647d8.jpg,0,0.000,False
data/raw_mastitis_sources\sehat-28-_jpg.rf.b231411b1ada4f959292f3886cbb88ee.jpg,0,0.000,False
data/raw_mastitis_sources\sehat-29-_jpg.rf.436eb3dbcfd5db944e9e1040e0c571d3.jpg,0,0.000,False
data/raw_mastitis_sources\sehat-29-_jpg.rf.a7432a535061979ad317c7bf4173ad3f.jpg,0,0.000,False
data/raw_mastitis_sources\sehat-3-_jpg.rf.28bbf236d88f1cd5d4d1d157b8026231.jpg,0,0.000,False
data/raw_mastitis_sources\sehat-3-_jpg.rf.c2b2234cec83380e0fc7ed79338821fc.jpg,0,0.000,False
data/raw_mastitis_sources\sehat-3-_png.rf.cf601673115fdaf1d0cc606f91618f77.jpg,0,0.000,False
data/raw_mastitis_sources\sehat-3-_png.rf.de5e3b7f41691ee956931d6daaa5a91f.jpg,0,0.000,False
data/raw_mastitis_sources\sehat-30-_jpg.rf.8109d55daf6ef098c34efa6e2324d80e.jpg,0,0.000,False
data/raw_mastitis_sources\sehat-30-_jpg.rf.9f4d1ea5cd12338e170f9adb0ed93667.jpg,0,0.000,False
data/raw_mastitis_sources\sehat-31-_jpg.rf.3a35ed4f7989e9adf3539f951b665279.jpg,0,0.000,False
data/raw_mastitis_sources\sehat-31-_jpg.rf.ad082603a6d11e69e3360cdb327c1cf8.jpg,0,0.000,False
data/raw_mastitis_sources\sehat-32-_jpg.rf.2dc1ad41ea116a849dadf90e328ec11b.jpg,0,0.000,False
data/raw_mastitis_sources\sehat-32-_jpg.rf.7f7422e6c036ada596a3ad695db1f1c2.jpg,0,0.000,False
data/raw_mastitis_sources\sehat-33-_jpg.rf.3317f718f4d0726db458cb6f96e62458.jpg,0,0.000,False
data/raw_mastitis_sources\sehat-33-_jpg.rf.d1c178bf562664919811c27df9b55fdb.jpg,0,0.000,False
data/raw_mastitis_sources\sehat-34-_jpg.rf.9c7f304185affe69770c75a12d872e88.jpg,0,0.000,False
data/raw_mastitis_sources\sehat-34-_jpg.rf.a015fd330277f25213c358870bbf3feb.jpg,0,0.000,False
data/raw_mastitis_sources\sehat-35-_jpg.rf.12ec976eeb8df6add3cb1d1aae24aaf6.jpg,0,0.000,False
data/raw_mastitis_sources\sehat-35-_jpg.rf.6f22490802634e444937b69e69fe1e6e.jpg,0,0.000,False
data/raw_mastitis_sources\sehat-36-_jpg.rf.7386638e44e2d79d9df67074915cb828.jpg,0,0.000,False
data/raw_mastitis_sources\sehat-36-_jpg.rf.a23640cd13bb899143b37d144c00a9b9.jpg,0,0.000,False
data/raw_mastitis_sources\sehat-37-_jpg.rf.24352c07f3ad6da604e5068666036ab2.jpg,0,0.000,False
data/raw_mastitis_sources\sehat-37-_jpg.rf.2b244b28f43a737eee830f6e33d32ad6.jpg,0,0.000,False
data/raw_mastitis_sources\sehat-38-_jpg.rf.63a4df8eaebb7ed0834314a53a212119.jpg,0,0.000,False
data/raw_mastitis_sources\sehat-38-_jpg.rf.d8cae715f0f17bc544ed58046f168702.jpg,0,0.000,False
data/raw_mastitis_sources\sehat-39-_jpg.rf.70265df07f26aa4e6f1a4f30ea733ad0.jpg,0,0.000,False
data/raw_mastitis_sources\sehat-39-_jpg.rf.c297b6f17dab3f8d1426dc94debf052b.jpg,0,0.000,False
data/raw_mastitis_sources\sehat-4-_jpg.rf.3d0e4b2be4d2843185db30bb65bcd8a9.jpg,0,0.000,False
data/raw_mastitis_sources\sehat-4-_jpg.rf.9c7727d4ae00b6bd039147056dcbd3e4.jpg,0,0.000,False
data/raw_mastitis_sources\sehat-4-_png.rf.624564d1777cdac0240d3d150f5b7b37.jpg,0,0.000,False
data/raw_mastitis_sources\sehat-4-_png.rf.b48a1fc7b4159645009e32e8ca0bbd85.jpg,0,0.000,False
data/raw_mastitis_sources\sehat-40-_jpg.rf.0351129a70265d2404327ec509077839.jpg,0,0.000,False
data/raw_mastitis_sources\sehat-40-_jpg.rf.834c80c77ad5c310b07957952cfed9d1.jpg,0,0.000,False
data/raw_mastitis_sources\sehat-41-_jpg.rf.03a3f63071b2f5c718df487bf8d919cd.jpg,0,0.000,False
data/raw_mastitis_sources\sehat-41-_jpg.rf.a9ba0f687df63856f0d4236bc5fa2035.jpg,0,0.000,False
data/raw_mastitis_sources\sehat-42-_jpg.rf.046175debc98af01348dfb48b46a0811.jpg,0,0.000,False
data/raw_mastitis_sources\sehat-42-_jpg.rf.8e7d3478a1d87d855230644a13da48f6.jpg,0,0.000,False
data/raw_mastitis_sources\sehat-43-_jpg.rf.8937ff1ba23a4c36beaa65e4fa6ea7b2.jpg,0,0.000,False
data/raw_mastitis_sources\sehat-43-_jpg.rf.cc8443137264bfce9572b476251c07c0.jpg,0,0.000,False
data/raw_mastitis_sources\sehat-44-_jpg.rf.40611ab9624a9904ff43637460be8b36.jpg,0,0.000,False
data/raw_mastitis_sources\sehat-44-_jpg.rf.7495be047a7349b3ff8fecc3c7f55d40.jpg,0,0.000,False
data/raw_mastitis_sources\sehat-45-_jpg.rf.9a253ceefa45767db2729c0fc93cb787.jpg,0,0.000,False
data/raw_mastitis_sources\sehat-45-_jpg.rf.bc127f0667a8e489519be2a760dd5de1.jpg,0,0.000,False
data/raw_mastitis_sources\sehat-46-_jpg.rf.0640fd6e1adabb2e3c73ada8caac47c1.jpg,0,0.000,False
data/raw_mastitis_sources\sehat-46-_jpg.rf.82dc3cfb15c204118ff349425e313791.jpg,0,0.000,False
data/raw_mastitis_sources\sehat-47-_jpg.rf.474b8f3fb03c5fa16f12bdc17afb840c.jpg,0,0.000,False
data/raw_mastitis_sources\sehat-47-_jpg.rf.7a3b4cb64817012d753ccd0cf3404f4a.jpg,0,0.000,False
data/raw_mastitis_sources\sehat-48-_jpg.rf.503fc286b79f442f89edeb555d284817.jpg,0,0.000,False
data/raw_mastitis_sources\sehat-48-_jpg.rf.b441994c79bf99c26301ca21b7a1ea5b.jpg,0,0.000,False
data/raw_mastitis_sources\sehat-49-_jpg.rf.42d5a781dba9c87d2a8596b3f35f2f2c.jpg,0,0.000,False
data/raw_mastitis_sources\sehat-49-_jpg.rf.a214b90efe0feddc7adcdef26716886a.jpg,0,0.000,False
data/raw_mastitis_sources\sehat-5-_jpg.rf.c47f4932354f0aca45d8d9b162494b02.jpg,0,0.000,False
data/raw_mastitis_sources\sehat-5-_jpg.rf.db85e94b04b350e24d4161beeb76957b.jpg,0,0.000,False
data/raw_mastitis_sources\sehat-5-_png.rf.8d765a54e0478551e70d6a7eaaa3911c.jpg,0,0.000,False
data/raw_mastitis_sources\sehat-5-_png.rf.ca593b017ccc2d14e43181a9145ff1e9.jpg,0,0.000,False
data/raw_mastitis_sources\sehat-50-_jpg.rf.aea04c2abb501b7193036a6602492644.jpg,0,0.000,False
data/raw_mastitis_sources\sehat-50-_jpg.rf.d55bfc38b0240991867a3de56e4fc8dc.jpg,0,0.000,False
data/raw_mastitis_sources\sehat-51-_jpg.rf.9135b3852c984af39d4c2c22fa96d023.jpg,0,0.000,False
data/raw_mastitis_sources\sehat-51-_jpg.rf.d1338b40e083b14b3757af74a1e2baf2.jpg,0,0.000,False
data/raw_mastitis_sources\sehat-52-_jpg.rf.67b795a9c6601fa98ce1f355b9f8c9ad.jpg,0,0.000,False
data/raw_mastitis_sources\sehat-52-_jpg.rf.f5e1657d38d856f632a7d703f1864689.jpg,0,0.000,False
data/raw_mastitis_sources\sehat-53-_jpg.rf.4e120a65c5892e04e56f807788dcb287.jpg,0,0.000,False
data/raw_mastitis_sources\sehat-53-_jpg.rf.4f6d8f44d01094e959e607e92459d3ac.jpg,0,0.000,False
data/raw_mastitis_sources\sehat-54-_jpg.rf.b2d55fc2452895c066a3cc1275c533aa.jpg,0,0.000,False
data/raw_mastitis_sources\sehat-54-_jpg.rf.b911e65f54cc8ee7ed1f57305a687fa7.jpg,0,0.000,False
data/raw_mastitis_sources\sehat-55-_jpg.rf.b22da0ec4b53acf208d85ac6c394ea3a.jpg,0,0.000,False
data/raw_mastitis_sources\sehat-55-_jpg.rf.f3d5a07964a86f400a757d46b3ca3a58.jpg,0,0.000,False
data/raw_mastitis_sources\sehat-56-_jpg.rf.4f8c23db320d7dffc957308ae29c6efb.jpg,0,0.000,False
data/raw_mastitis_sources\sehat-56-_jpg.rf.882d2c393bc85f5a81e695b85b192ac8.jpg,0,0.000,False
data/raw_mastitis_sources\sehat-57-_jpg.rf.75889dae30c7147d54b22a1c12c632aa.jpg,0,0.000,False
data/raw_mastitis_sources\sehat-57-_jpg.rf.ee5a219e769f28f20b43141406209253.jpg,0,0.000,False
data/raw_mastitis_sources\sehat-58-_jpg.rf.8dc1f3e6789c2ec292713d804cf995a3.jpg,0,0.000,False
data/raw_mastitis_sources\sehat-58-_jpg.rf.95d1304eec5d69f201ee30fcb90e8885.jpg,0,0.000,False
data/raw_mastitis_sources\sehat-59-_jpg.rf.46fa789af62eee1ce5e054eece770d32.jpg,0,0.000,False
data/raw_mastitis_sources\sehat-59-_jpg.rf.65de6fa59bd14e3130f4a1dcedcb4619.jpg,0,0.000,False
data/raw_mastitis_sources\sehat-6-_jpg.rf.849d14eb5ca41774d146d19ded3d3129.jpg,0,0.000,False
data/raw_mastitis_sources\sehat-6-_jpg.rf.d63bd42ffafd1bebe06bd7eadc8c7429.jpg,0,0.000,False
data/raw_mastitis_sources\sehat-60-_jpg.rf.34d141d2d6a72da35658b8f6a8abab77.jpg,0,0.000,False
data/raw_mastitis_sources\sehat-60-_jpg.rf.c110a8cb68b9c5a4cb5246dfbdc7a262.jpg,0,0.000,False
data/raw_mastitis_sources\sehat-61-_jpg.rf.9d7776efcf96eb98c3cbb30383d8a2f1.jpg,0,0.000,False
data/raw_mastitis_sources\sehat-61-_jpg.rf.c827a234f879620f6cdc96319e4c6cc8.jpg,0,0.000,False
data/raw_mastitis_sources\sehat-62-_jpg.rf.98a574a65a52625196baa92432cf17b8.jpg,0,0.000,False
data/raw_mastitis_sources\sehat-62-_jpg.rf.d5fa401b4fae61ca045f163e24307d8b.jpg,0,0.000,False
data/raw_mastitis_sources\sehat-63-_jpg.rf.73e92d3e856a50b1fbd2b836e78129aa.jpg,0,0.000,False
data/raw_mastitis_sources\sehat-63-_jpg.rf.7c5225582f481df3f39b88104fb7f6f1.jpg,0,0.000,False
data/raw_mastitis_sources\sehat-64-_jpg.rf.70dd999c5b304a0b60e25f399494f127.jpg,0,0.000,False
data/raw_mastitis_sources\sehat-64-_jpg.rf.c24ec60c3680d67208e3a0c692a71db4.jpg,0,0.000,False
data/raw_mastitis_sources\sehat-65-_jpg.rf.4fc626f0c696d542f8debd030d411576.jpg,0,0.000,False
data/raw_mastitis_sources\sehat-65-_jpg.rf.eb57118e007a7a1a37c806613b143db2.jpg,0,0.000,False
data/raw_mastitis_sources\sehat-66-_jpg.rf.b10ea9f87fd6f9d25fe4167135533652.jpg,0,0.000,False
data/raw_mastitis_sources\sehat-66-_jpg.rf.f042573e1fe9f0da72b96f4f3b473784.jpg,0,0.000,False
data/raw_mastitis_sources\sehat-67-_jpg.rf.c78422d9b0098523dc2c7a1772a19624.jpg,0,0.000,False
data/raw_mastitis_sources\sehat-67-_jpg.rf.dd8ad99c04f371b3f0b771d62a23dd47.jpg,0,0.000,False
data/raw_mastitis_sources\sehat-68-_jpg.rf.3ab4c574792fd723fc39b48cd8bc8d06.jpg,0,0.000,False
data/raw_mastitis_sources\sehat-68-_jpg.rf.a20af8da90b27ac66025d704d9498d4a.jpg,0,0.000,False
data/raw_mastitis_sources\sehat-69-_jpg.rf.91e85a75f360e9d8e05f0f5ebb8d547b.jpg,0,0.000,False
data/raw_mastitis_sources\sehat-69-_jpg.rf.fee7a25e3a283802ba36079ad498ad42.jpg,0,0.000,False
data/raw_mastitis_sources\sehat-7-_jpg.rf.8a6d890a4c62ac21477ce6189adfd847.jpg,0,0.000,False
data/raw_mastitis_sources\sehat-7-_jpg.rf.d7f98efaa8d34fb659ba5df061e6fb09.jpg,0,0.000,False
data/raw_mastitis_sources\sehat-71-_jpg.rf.2404c0e5835cf8c53165b1c0ae9f142b.jpg,0,0.000,False
data/raw_mastitis_sources\sehat-71-_jpg.rf.46db07b3ef0462c63264481a16e0fc1f.jpg,0,0.000,False
data/raw_mastitis_sources\sehat-72-_jpg.rf.6113583f295f08cfb5c6c0dc3cac88a2.jpg,0,0.000,False
data/raw_mastitis_sources\sehat-72-_jpg.rf.a98b2c40ac9312170cc592105c3ee645.jpg,0,0.000,False
data/raw_mastitis_sources\sehat-73-_jpg.rf.a120e95105ca36e84bb2050bbaa41256.jpg,0,0.000,False
data/raw_mastitis_sources\sehat-73-_jpg.rf.bba5bc3e007dca38f9d3158e1c157c0f.jpg,0,0.000,False
data/raw_mastitis_sources\sehat-74-_jpg.rf.4a359a5f9fcb27fe1bb21dcb4855a5d8.jpg,0,0.000,False
data/raw_mastitis_sources\sehat-74-_jpg.rf.853fdde6a1e11079fdca3806325915fe.jpg,0,0.000,False
data/raw_mastitis_sources\sehat-75-_jpg.rf.1011607ec605e5742fbfe8a1a80b5576.jpg,0,0.000,False
data/raw_mastitis_sources\sehat-75-_jpg.rf.5af118bf45dde2b6e004bfee739f3426.jpg,0,0.000,False
data/raw_mastitis_sources\sehat-76-_jpg.rf.27a7cf3021042bbb894890a33c519d00.jpg,0,0.000,False
data/raw_mastitis_sources\sehat-76-_jpg.rf.d01e770a6fdcc841a5b670a7a2185506.jpg,0,0.000,False
data/raw_mastitis_sources\sehat-77-_jpg.rf.2947aa9ad1dc8fb330bdddc834b8cdc4.jpg,0,0.000,False
data/raw_mastitis_sources\sehat-77-_jpg.rf.31c1214e75a4bc8f610439cdf4d673d3.jpg,0,0.000,False
data/raw_mastitis_sources\sehat-78-_jpg.rf.7a863dc6589ac7ee402bc56a64bc0752.jpg,0,0.000,False
data/raw_mastitis_sources\sehat-78-_jpg.rf.98bbd50a1160b5bac1bfba97e4607ccd.jpg,0,0.000,False
data/raw_mastitis_sources\sehat-79-_jpg.rf.32ff21ddc218570daeecad0b6ca857ea.jpg,0,0.000,False
data/raw_mastitis_sources\sehat-79-_jpg.rf.aeb864896a6b14b3c7201ee8d2a5dec3.jpg,0,0.000,False
data/raw_mastitis_sources\sehat-8-_jpg.rf.98576bf7e9909c9b62316d5c96a3aca2.jpg,0,0.000,False
data/raw_mastitis_sources\sehat-8-_jpg.rf.99ecf8805e9abe2d77f0700c52ae928e.jpg,0,0.000,False
data/raw_mastitis_sources\sehat-80-_jpg.rf.ac0c0ed76a96c73f8aa48e16787838b2.jpg,0,0.000,False
data/raw_mastitis_sources\sehat-80-_jpg.rf.acf339a89b2778217dd3d6b7ef1d9dc6.jpg,0,0.000,False
data/raw_mastitis_sources\sehat-81-_jpg.rf.499fd4d76cfea34fd1f4cd13bfa8a828.jpg,0,0.000,False
data/raw_mastitis_sources\sehat-81-_jpg.rf.96de109aa2b9949de0a5ee01ef180b75.jpg,0,0.000,False
data/raw_mastitis_sources\sehat-84-_jpg.rf.50f4a0baca1f4a991abd11ab78418577.jpg,0,0.000,False
data/raw_mastitis_sources\sehat-84-_jpg.rf.7d7f88ad2901fcd0326f635f22e547ef.jpg,0,0.000,False
data/raw_mastitis_sources\sehat-85-_jpg.rf.245894f18267d31bcb43b5673198427c.jpg,0,0.000,False
data/raw_mastitis_sources\sehat-85-_jpg.rf.81020174fa5b31840fffb206ae92257a.jpg,0,0.000,False
data/raw_mastitis_sources\sehat-86-_jpg.rf.42aebacf5e4b1d8c944e8b31dd435d55.jpg,0,0.000,False
data/raw_mastitis_sources\sehat-86-_jpg.rf.be90447933193ffe087df0f387ccd81d.jpg,0,0.000,False
data/raw_mastitis_sources\sehat-87-_jpg.rf.36e1333cfe3e9be8338326a24aef4e09.jpg,0,0.000,False
data/raw_mastitis_sources\sehat-87-_jpg.rf.94a446880f3ad1ccf3be5a7685513779.jpg,0,0.000,False
data/raw_mastitis_sources\sehat-89-_jpg.rf.0b30c300848432e7f4c3142d96459b2c.jpg,0,0.000,False
data/raw_mastitis_sources\sehat-89-_jpg.rf.11bb2b88b0f929ebb46dd83d14cbd4db.jpg,0,0.000,False
data/raw_mastitis_sources\sehat-9-_jpg.rf.1a8808b0bd953c80b185fc5560b35467.jpg,0,0.000,False
data/raw_mastitis_sources\sehat-9-_jpg.rf.8cd4c286bba3e76f146a24b342da70f3.jpg,0,0.000,False
data/raw_mastitis_sources\sehat-90-_jpg.rf.3e0c941ab179d7f0dfdf76da2e1c4e8f.jpg,0,0.000,False
data/raw_mastitis_sources\sehat-90-_jpg.rf.89e3c9787e05982d7749be50ff697ae8.jpg,0,0.000,False
data/raw_mastitis_sources\sehat-91-_jpg.rf.08fbd33ef7aff9e35e105410838567f9.jpg,0,0.000,False
data/raw_mastitis_sources\sehat-91-_jpg.rf.4ba189e91e41e5d92bc6cfdae8de804d.jpg,0,0.000,False
data/raw_mastitis_sources\sehat-92-_jpg.rf.83780b3401e45cd8c18e34a641172b77.jpg,0,0.000,False
data/raw_mastitis_sources\sehat-92-_jpg.rf.cb363169000a9bdf937d70d2432653ad.jpg,0,0.000,False
data/raw_mastitis_sources\sehat-93-_jpg.rf.1db706bbce1d8f0e9a070157d2ce71db.jpg,0,0.000,False
data/raw_mastitis_sources\sehat-93-_jpg.rf.fcc17208fd2c520ea9583e3cb21a4aba.jpg,0,0.000,False
data/raw_mastitis_sources\sehat-94-_jpg.rf.073b7a7f869124a63c9df04f3110ac60.jpg,0,0.000,False
data/raw_mastitis_sources\sehat-94-_jpg.rf.166dd78d77beb8ec816ca48c00d3ae39.jpg,0,0.000,False
data/raw_mastitis_sources\sehat-95-_jpg.rf.73e4035327ad235dca9a51f02cbe4c0a.jpg,0,0.000,False
data/raw_mastitis_sources\sehat-95-_jpg.rf.e7ad9f2fb184fe2d0a631908a3387bdc.jpg,0,0.000,False
data/raw_mastitis_sources\sehat-96-_jpg.rf.acc1b355adb2086bc58dba0e3fc2c228.jpg,0,0.000,False
data/raw_mastitis_sources\sehat-96-_jpg.rf.dbd73a44b971ea88055669a00b0f3997.jpg,0,0.000,False
data/raw_mastitis_sources\sehat-97-_jpg.rf.ad555882f8daff19377c04bb13e3ee80.jpg,0,0.000,False
data/raw_mastitis_sources\sehat-97-_jpg.rf.afe6bbe14d9ae775c2daa4f94a729fbb.jpg,0,0.000,False
data/raw_mastitis_sources\sehat-98-_jpg.rf.baf543133894859482895cef0728955f.jpg,0,0.000,False
data/raw_mastitis_sources\sehat-98-_jpg.rf.d430c23e02037473d5c82e12210a49c1.jpg,0,0.000,False
data/raw_mastitis_sources\sehat-99-_jpg.rf.0658c3045626346a1f81a2e475fcc052.jpg,0,0.000,False
data/raw_mastitis_sources\sehat-99-_jpg.rf.1d847d63f3e4d39f6cf3fabcf7c8e0cb.jpg,0,0.000,False
data/raw_mastitis_sources\severe-hemm3-e1515364758805-400x284.jpg,0,0.000,False
data/raw_mastitis_sources\severe-hemm7-e1515364519265-400x284.jpg,0,0.000,False
data/raw_mastitis_sources\severe-ringing-blue-teats-congestionKE-1-e1515364733512-1024x809-1-400x284.jpg,0,0.000,False
data/raw_mastitis_sources\severe-ringing-blue-teats-congestionKE-e1515291895686-400x284.jpg,0,0.000,False
data/raw_mastitis_sources\wet-teat2-1-e1515287241981-400x284.jpg,0,0.000,False
data/raw_mastitis_sources\wet-teat2-400x284.jpg,0,0.000,False
data/raw_mastitis_sources\wet-teat6-1-e1515287995479-400x284.jpg,0,0.000,False
data/raw_mastitis_sources\wet-teat6-400x284.jpg,0,0.000,False
